text,emotion
"Careful, he's a hero",joy
You really need to learn to read. 32 isn't too late!,sadness
"anyone who hasn't seen this, it's unbelievably bad.",sadness
Science damn you!,anger
Is this game any good? I like the idea of a card game based on neckbeard culture.,fear
...soooooo yes?,fear
"Same thing happened to me but for my dog, stocking up on noodles tomorrow to get through the next month.",fear
Oi he got stabbed in the eye,sadness
Yeah sorry about that I don't mean it.,sadness
Except for [NAME] whose remains are either still on the way to Winterfell or lost altogether,joy
Umm how about “Sorry I tried to kidnap our son.” He could start there.,sadness
I wonder if that child puts it on his resume.,fear
Why? That's not helping us win games.,anger
"Just like you can't underestimate the capacity for evil, you can't underestimate the capacity for stupidity",anger
"Things have changed since then. Now it is known what leave looks like it has no support, so it is logical to revisit the only alternative.",surprise
There's definitely something sovcit going on here.,surprise
That’s just cruel and unusual. Hook him up for aggravated assault on a police officer.,anger
As ironic as it sounds but her being a non factor is what ultimately won them the game (compared to inting [NAME]),surprise
Just another way to consume the world's hot glue supply!!,joy
This is exactly what happens when these fields are controlled by political ideology and not by a unbiased search of the truth.,anger
The first comment wasn't but when you not wanted you should just fuck off,anger
Yes! I started it off on a lie! And?,surprise
Came on her face and she told you? Wow disrespect. Either she didn't know how you really felt or didn't care. Sorry about your luck,anger
don't you want [NAME]?,fear
"We need to get some away wins now more than ever. 2nd half of the season, no more time to be circle jerking each other!",neutral
It's a strange decision that they scheduled this to conflict with the NFL playoffs in the United States.,fear
Disappointed [NAME] is not on it. He's leading the league and has a quick release.,anxious
Hated the work or the city?,fear
*scribbles in maybe*,neutral
I really don’t think that was racist honestly. He literally told you everyone matters regardless of color..?,fear
I used to have fun with it and didn't feel angry aside for when [NAME] was op lol,joy
"Lots of tourists like taking pictures with the locals. Don't feel so bad, OP. It's also entirely possible your father was mistaken.",fear
Seems like you jerk off looking at mirror while you’re crying,neutral
[NAME] is actually [NAME] real name.,neutral
The school should make a list of sexual assaulters. The boys who engage in this should be shamed publicly.,joy
I'm disappointed that this isn't real...,sadness
"The lease ends on September 9th. I can hold out until then, it’s just going to suck.",anxious
"he can still be heard uttering ""I'm a huge fan"" alone in a dark room",neutral
Goodbye trust.,neutral
El oh el that was fucking funny,joy
It’s okay bro saints about to beat them 41-3 next week lmao don’t worry,anxious
That movie really scared me when I was a kid.,anxious
Reminds me of when we used to have an RB named [NAME] while [NAME] was at Texas,fear
#KYLO REN IS NOT INTIMIDATING,fear
You sound angry.,anger
I'm afraid I'll pick something else.,anxious
Always have a Stockholm syndrome induced craving for HSE standard jelly and ice cream anytime I think of hospitals here,anxious
Why? I would rather the players get the money than the owners,neutral
oh yeah? what if i can't read at all?,surprise
My heavens people are getting upset about this.,sadness
"They seem to be about 1/2 the price anyone else has quoted me, so it`s a good place to start, thank you!",neutral
!Remindme last year,neutral
[NAME] is my least favorite on the station.,sadness
The top half of the dress looks perfect. It’s the bottom that’s bad.,sadness
Yeah I don’t think [NAME] wants you to fuck my wife/his girlfriend anymore you cuck,anger
I’m surprised I had to scroll this far down,surprise
"As [NAME] once said, ""what do you mean?""",anger
Realize that all those feelings she had for you were lies. She is liar. Don't let her take up space in your head rent free.,fear
"Oh no! No, there was nothing wrong in your comment. I appreciate you taking the time!",joy
Oh I didn't know. Please give me his P.O. Box address so I can submit them immediately. Cause I am definitely uninterested in blowing out my intestines.,sadness
Same. Wasn't good enough. Left broken. Edit: more broken,sadness
This is turtle thing,neutral
Who is brainwashing people to believe it's all a social construct ? It's really frightening that it's become so mainstream.,anxious
That's gotta cut deep!,anxious
Can you link the apologies? Or do they not actually exist?,fear
"Bah gawd, she is broken in half!",sadness
If I may ask what was the deal breaker for you? Did you stay in contact after the breakup? How much time did you need to heal?,surprise
how are your trolls really this bad,sadness
Are you top or bottom? I need to go under you real quick I'm gonna need you to take him on bar,anxious
It's not what you said. It was the way you said it.,neutral
That's probably a good idea. Call them and see if they can help you.,joy
Wow really? I watched a fair bit of KR Contenders. I guess I just wasn’t paying that much attention.,fear
It wasn't any better 10 years ago if that offers any sense of relief.,fear
You don't avoid it.,fear
China cheating the rest of the world is horrible for the economy and society.,anger
This is how I know I'll have a good time!,joy
Ahhh [NAME] its in my eye.,fear
Soooo difficult to do.,sadness
Poor [NAME] looks so bored in the remakes.,sadness
I was so scared to click that. Yet I did.,anxious
oh shit u meant the actual post... yeh i live in china this all we got😂😂,surprise
5.5C is the actual temperature in there??,surprise
Hold on to your butts!,anxious
"Yes, you do live in a clown world, laugh it up, degenerate.",joy
Where else was he going to hang his sash up?,surprise
WILL YOU TWO SHUT UP? PEOPLE ARE TRYING TO SLEEP,anger
"TTs have size limits. The group I was acquainted with had, ahem, ""leadership"" problems as well.",anger
I think a lot of those same people are just over it.,fear
Maybe we'll just stop moderating for a while to celebrate TWOW.,neutral
"Relatedly, my legs are lean because I run away from my problems.",anxious
"Dying because of too much vitamin c sounds odd, since it's water soluble iirc",anxious
"Yeah. Online schools, who knows what they're like?",fear
[ALL]: Guys werewolves aren't real. [TEAM]: They are real.,fear
From my point of view the freefolk are evil,anger
Hey friendo nothing down here but there are ALL SORTS of interesting smells!,fear
"Of course not, but the purpose is to look a bit alien, so I'm ok with pushing the limits woth PS in such cases.",neutral
Because you are young and it happens. You feel like you’ll never find someone else but you will.,surprise
What was it?,surprise
Worrying about [NAME] during a game is ridiculous. Especially when he's currently 6-11 from the field.,fear
"For some reason, I read the ""no tears"" part like they want you to stop crying.",fear
"Boy, I literally didn't expect anyone to respond to this. Thanks, internet! I feel a tiny bit less alone.",joy
Wow I’m glad I live in Cali,joy
Whataburger misses you too. Come back and visit when you can!,joy
I think he's in it. I know [NAME] is killing me on my fantasy team right now,neutral
why do they look like their all wearing gas masks,fear
That ice is dangerously thin for such a hot take.,fear
I don't think he was going to catch that bus if he didn't hit the pole.,anger
"I told you, I don't like ethnic food!",anger
"Oops, my apologies! I should’ve included this in reference to [NAME] taking her to court for the child support.",neutral
"He’s one of those players that you would love if he was on your team, but hate if you have to play against him.",anger
No one is getting jailed for cannabis that's the biggest fucking joke I've heard all week,anger
I recommend reading it. What an odd duck/rabbit.,anger
They're so scared,anxious
This is obviously fake everyone knows the earth is actually a dinosaur shape,anger
It looks like someone screwed up.,sadness
Of course. It would mean you owe them an unspecified favor in the future. That would be horrible.,anxious
"Ah, that's a tryptan, that can have more pronounced effects indeed.",joy
Get a body pillow made of yourself and give it to her as a present when she misses you she can just hug the pillow,joy
Oh I went to make soup and must’ve missed that,fear
"Sorry, new at",sadness
"Get out of here with this, dude.",anger
>And I could be wrong about my [RELIGION] faith but again that’s the point of faith. The point of faith is to be wrong?,anger
"If you are as ugly as you say you are, you're already a statistical outlier.",neutral
Woke is realizing the world doesnt revolve around you at its most basic level. Thats dumb?,fear
I’m sorry about your friend.,sadness
Top-10 money?,neutral
"Like I said, stunning. But not at all surprising you would reference [NAME].",sadness
"Needs another ""hockey feels hard at the moment"" and a game against Dallas after that.",neutral
It was never implied as such. You simply mistakenly interpreted it that way.,sadness
I can't wait for all these now unregulated projects to demonstrate why we had regulations in the first place.,surprise
I need therapy but I’m too scared to go to therapy.,anxious
"According to the filmmakers, it was the same Brachiosaurus that awed the characters in the first movie. ;_;",surprise
That’s great! I hope s/he gets better!,joy
Someone who evidently doesn’t really know much about football or doesn’t do a simple google search before posting.,anger
That was straight up reckless,anxious
Willing to get with someone manipulative and knowing this just to get some ass. Seen that a lot.,anxious
I see you know your judo well!,neutral
Why do some people use tbh after everything,surprise
These refs are [NAME] awful. Find a new job,anger
this needs more upvotes,fear
"> So basically, if you're responsible with guns, you have nothing to worry about. I'm worried about *other people* not being responsible with guns.",anxious
That actually gave me goosebumps. This is all the communication we need.,anxious
He would probably just treat the situation like A$AP Bari’s.,neutral
I am scared that I would lose potential study time by seeing him. And worse if I end up liking him too much... :(,anxious
Well hot damn,neutral
"Reddit I’m blind, what’s the bottom right?",surprise
Oh for sure. Sometimes I wonder if they are actually harming there cause with the over the top hypocrisy the newcomers seem to see it quite quickly.,surprise
Rightfully so. I had it as a child and it was the worst experience in my life. I'm also vulnerable for shingles now. Yaaay.,anxious
"Interesting, but I can't imagine it will be there long until someone steals or destroys it.",surprise
"I don't drink I don't smoke I don't do drugs and yet still am not ""happy rich and all that people say this brings""",sadness
Your team lacks ethics.,anger
Sorry man. Didn't realize I was talking to a Russian spam bot. Please give my best to [NAME].,anxious
Note to self - Stay out of the water.,neutral
unless of course that's a mere sample,neutral
"I am already so stoked for her eventual WATN episode, because she's going to keep kicking ass.",joy
"Preach in such a way that if people don't end up hating their sin, they end up hating you. -[NAME]",fear
[NAME]? Too soon?,surprise
") /sorry, the Excel formula part of my brain was driving me insane.",sadness
Worth reading if you worry about,anxious
Can neins bring me up to date on what this is about?,fear
"No, you’ll find her. Us childfree lesbians are out there.",joy
"Wow, that’s a big 3 year old!",surprise
Hard pass on this!,anger
I hate that myself,anger
What is scary?,fear
"Always remember that when problems get hardcore, Pornshit will be there to Worst them.",anxious
Fuck you bro,anger
We will welcome you with open arms <3,joy
"Something Something Something, space of aids",surprise
What a funny story.,joy
Why am I crying alone in my room rn,surprise
lol my mom once told me that alcohol can't be a drug because it's legal,joy
this video makes me sad,sadness
Can you provide any evidence to your claim that right wingers are using this to smear her?,surprise
Trying to read that made me feel like I just huffed formaldehyde amd mercury,fear
Just curious: What do you normally do with your weekends?,surprise
I’m so glad I’m not the only one. Since everything happened I’ve always thought I was just overly sensitive,anxious
You have friends that reddit? What a peculiar notion.,surprise
Any EU countries that get tricked into nationalism become prey and weaker relative to Russia and the US.,fear
"Omg, thank you!",joy
Wait. What. How?,neutral
Shouldnt you be attacking immigrants on the trains about now [NAME]?,surprise
"Don't worry, it's the internet so that angle has already been well covered:",joy
"Was referring to their government, should have specified that better.",fear
"I don't know dude, but I'm just saying that it's not weird at all that people are super doubtful whenever posts like this crop up.",sadness
"Oh god, How I always wish she shows up to the lonely hearts party every time I watch that episode.",surprise
I'm also scared.,anxious
"Oh, you had me worried there! Still if it doesn't then what can you do I suppose.",anxious
Every other way sounds wrong. SPR for life.,fear
There are tons of great places on the fringes where you’re guaranteed good loot and a vehicle.,joy
Maybe this one is more correct? Yours don't have Amarillo in the billboard,fear
Even in the offseason we can’t escape the injury bug :/,anxious
Played in a dangerous cross which [NAME] should have scored from. Just before [NAME] goal,anxious
"Sounds to me like you don't *really* want to take that job in Hawaii, lol.",neutral
Haha .. In pakistan 47 is the normal temp during summer... Lol noob.. Gg ez,joy
"We've been linking that dodgy-as-hell Ukrainian site for years, so go nuts.",anger
What a tool!,anger
"Sorry, sometimes I really can't tell in here.",sadness
Just got a bit worried because it's always showed up instantly for me before,anxious
get your ass to mars!,neutral
This reply made me giggle. Sorry you got hit by a moron! Hope your car is repairable!,anxious
Heaven forbid you do some actual research.,anger
Was at the game yesterday and at the game now. It's a miserable gong show. Why do I keep doing this to myself?,sadness
"Holy fuck, no wonder the turtle beat the hare",neutral
Is this a [NAME] reference. I feel like it is.,surprise
"yep, I witnessed a broken blood vessel in the eye from stifling a sneeze",sadness
"You shouldn’t forget it, and you probably need therapy. Years of abuse like that takes its toll.",sadness
I'm not on it I was just wondering for the sake of knowing.,surprise
"Ah brilliant, thanks for sharing that. It does indeed look promising. Shame no mention of Lethals possibly but oh well =]",anxious
U mad [NAME]?,anger
what a bizarre post omg,surprise
Stop saying generic hating sentences!,anger
"That kinda makes sense I guess, but I feel like it is taken too seriously. Like if they say something homophobic that makes them automatically gay.",anxious
"Agree. Keep trying, then if your rejected every time. I'm sorry your done.",sadness
"I’m scared of shots, but I’m more scared of dying. What Anti-vaxxers are scared of is autism",anxious
That scene made me think of Arizona a little bit tbh. I think I'm missing [NAME]*,sadness
Me neither. We can’t figure out why [NAME] won’t compromise,neutral
"I read the title, and honestly I thought it was [NAME] and his Telkom bill again",fear
We knows mumps immunity wanes; is it possible for measles immunity to do the same thing? I'm kinda scared to try Googling it too.,anxious
It's bad when that sounds tasty to me,anger
Don’t worry! I was never convicted of anything!,joy
"More like trash ass link. Wtf is “Apple Music”, probably some shitty limewire ripoff.",anger
Fake news! He only serves the Bigliest Macs!,neutral
Alleviate' meaning what? Make my working life suck less?,surprise
I’m not attractive but thank you.,joy
"What game do you think that is ? Because that'd be Tetris or Minecraft my dude, not your teenage greasy neckbeard crap. Sorry.",surprise
"No she never told me her name, and I unfortunately never asked for that or her number.",sadness
I've never been more disturbed by a dog,sadness
This looks more like us,fear
Whenever I have felt it would work. I wasn't always right but it never hurt to ask.,sadness
"We had so much pvp before, during, and after this alliance was formed.",fear
"Dont worry, as you get older that will stop working or possibly even cause anxiety.",anxious
They're not the brightest bunch.,anger
D'oh... 1970! Good lookin out!,neutral
I think they're fine people but I don't want to date one again because it's just a pain re:eating.,fear
You don't see the conflict with funding another countries wall but not one for the same function? Both equally stupid and worthless.,surprise
"Look what time it is. It's Fuck You, It's January!",surprise
"At least it isn't your living room.... hey, wait a minute!",fear
I wish I could :( tried,sadness
Bali this year,neutral
"When you live where it's this cold, incessant complaining is a national pass time.",anger
They might trade for [NAME] or give France a chance. Still scratching my head at letting CV go.,fear
Primary is what she has to worry about.,anxious
I was so scared to click that. Yet I did.,anxious
"Yeah, I always get about 6 episodes deep and then start hate-watching just to see if they ever actually fall in love.",anger
"Even after achieving 100% in this game, his performance still amazes me.",joy
Shouldn't have watched battle tendency. Now I frequently have fantasies about the ideal male body and feel more and more homosexual by the second.,sadness
Uhh...weird flex but ok?,anger
"You’re very right, I’m relieved I was free of this man before anything else happened. Thank [NAME]! And thanks for your kind words",joy
"My dream place is Canada, my bi online friend moved there recently",neutral
"This person drew it mocking them, the artist isn't an actual [NAME], they used to post pretty frequently here /r/maxcellcomics",neutral
I want to so bad it hurts. I guess I'm just scared.,anxious
TIL [RELIGION] are the second biggest religious group in Arizona...I'm starting to see why it's been red for so long.,joy
But also the smell!! People go past KFC and say Mmmm I must get some lol,joy
KIA is mad at a guy streaming for a charity that they don't like?,sadness
This! The [NAME] need to be kicked out!,anger
Is this illegal somewhere specific?,surprise
Yikes. Be careful out there.,joy
It looks a little like the nubbin you see on some amputated arms. Right?,fear
"I was wondering if it's Oxford, felt like I walked under that bridge.",fear
"That's awesome. You are a great and good person with a good heart. Never, ever change❤",joy
The dude was absent in the Ohio State game... IDK I would be very worried if he was the pick.,sadness
"Or the action to take on the bad feeling. As we say in poker, ""he made a bad read, and got coolered.""",sadness
"Nice try @ some dude. Also i joke around my gf on the same topic, she doesnt believe me",neutral
lmao it was probably a good crowd for the people constantly asking where to get drugs on /r/sydney to mingle with,joy
"Awesome!! Also, I have those same markers!",joy
r/iamverysmart and r/woooosh in one. That is just about how pathetic one can be.,sadness
It's riskier to take on bad contracts right now,sadness
"Two different writers have two differing opinions??? I'm shocked, just absolutely shocked, I tell you!",surprise
It's no coincidence that I became generally happier when I realized that once I covered the necessities more stuff didn't bring more happiness.,fear
The Dark Knight that didn't rise?? Home Alone.. forever?,fear
Now you move onto personal insults. Well done O king of the waffles. Once again using a word (nuance) with no context. Bored now.,anger
"Nah, I think that was a bass lick",neutral
Confound your toll Troll!,fear
"I believe that you should tell him, tell him lovingly it may help him understand how much you were really hurting",joy
Quite surprised I wasn’t on there,surprise
Yes! Bewildering. Thanks for posting. Really.,joy
Looks like one of mine too. Such a horribly raised entitled rude brat,sadness
Yea I saw that...had me worried for a sec but I had no trouble at Delta,anxious
"Winnipeg Jets regularly have whiteouts, though I don't believe anyone paints themselves.",anger
It says Expect. Which means nothing is official as of right now.,neutral
What does it matter we're just going to take another bust in the middle of the first round like always,neutral
"Turns out you can polish a turd. The trouble is, it's still just shit.",anger
Stupid plays after stupid fkin plays,anger
good luck! I wish you the best <33,joy
"They should build the wall out of [NAME] emails. After all, no one can get over them.",anxious
liberals are filthy animals,anger
Am i the only one wondering about the white scrolly bar at the top of this post that has the intro to the story?,surprise
I both loathe and applaud you,joy
And you believe this?,fear
I graduated in 2002 and had history books that ended with [NAME] 2nd term. I had great teachers but terrible materials.,fear
"OHHHHH! THAT ONE! Oh, *[NAME]*...",surprise
"Grammar guy, sorry, but vicarious doesn't work like that. Did you mean various?",sadness
Ok that was a rude way to send him off. Can I have hot doctors again,sadness
"Hey, Is this in Portugal? I recognize the francesinha sauce. (greetings from Porto)",surprise
I'd say British humor isn't for everyone. I think he was on point most of the time.,fear
Sadly the same way know people who know people and being in public. Maybe an online game with chat like league or xbox,sadness
I stopped worrying about showing vulnerability years ago but there's still nobody there.,sadness
I always get concerned when I see Nono standing at the stove or being instructed to pick Milania up from demon spawn practice.,anxious
Gawd but [NAME] is a bitch.,anger
"Just typed out my comment and then I saw this. Yup, exactly.",fear
For the love of [NAME] stop making him relevant. Please.,fear
"OP, don’t keep us in suspense. Which city were you referring to? :)",surprise
Damn straight.,anger
Surprised they aren't already doing this kind of stuff for Zion.,surprise
Lmao the UBI is just the powers that be making sure they don't have a revolt on their hands once their program of economic alienation reaches a head.,neutral
[NAME] MADE ME personally to eat BACON you ignorant vegans.,neutral
That...felt good...can I cry on your shoulder?,sadness
I'm not even surecwhat it is why do people hate it?,fear
yes and I'm glad that this nonsense stops with me,joy
"Yes, because private matches are a thing. Surprised no one else has mentioned that one.",surprise
Had to have my knee drained after a meniscus injury. It remains the most pain I've ever felt. Hopefully hers wasn't that bad,anxious
Actually there are some terminals now that let you disable it lmao. Very sad.,sadness
"And now, I would imagine it's impossible to own a Maserati without people constantly asking you if it goes 185.",neutral
"Hey, I bought a few issues of ""Lady Death"" and it was awesome! I wasn't hanging posters though.",joy
I would go into the walk-in and curse like a sailor for a minute at full volume then freeze out the offender to the best of my ability.,anger
"I love the night shift environment, but hate the lifestyle. I just can't do it.",joy
"I couldn't muster up the energy to read through it all. They're on a different level, and it's not a compliment.",sadness
"To see how much he really cares, what he will do, it usually backfires on me though :(",neutral
"Velvet Taco, and it is amazing.",surprise
"This, in top of my already terrible mental health, is the reason why I'm severely underweight and need help.",neutral
"Im not a brexiter. In fact, this is my concern with a second referendum. I'm worried that remain will lose.",anxious
I loved that show. “The [NAME] is back!”,joy
Can't believe everything you see on the internet eh?,surprise
I was/am the same. I'm the one pushing forward with the divorce though. The feelings of loss and fear are overwhelming sometimes though.,fear
> To bad everyone is to ~~weak and comfortable in their homes~~ slaving away in an open air debtor's prison to stand up to the government ftfy,anger
It's too bad they don't use that gorgeous high altar.,sadness
The more I look the worse it gets,fear
I’m going to die right now I’m so scared tears and snot everywhere,anxious
It's better for the future to suck and draft top 5 than be mediocre and draft 12th?,anxious
> i find it very dog-like and adorable :) I find it very monster-like and terrifying :|,anxious
(Edit). not sure you know what you are mentioning.,fear
"> salt rifles. but then how will we kill the flies??? /s im sorry, I had to.",anxious
It's irrelevant because that's not how we elect presidents. He won an electoral landslide. He flipped several democrat strongholds. He did just fine.,anger
For some reason I always thought that was [NAME] unless if I'm remembering a different play,fear
Y'all are fucking annoying,anger
The cruelest people in the room are a pack of gormless dullards. It's the banality of evil for the 21st century.,anger
I thought you would say it was because Finland doesn’t really exist.,fear
"I'm more worried about him scamming children than ""oNLY"" scamming them into thinking they'll get $100.",anxious
I was trying to click on a baby flamingo but I'm not mad,anger
Kinda but it’s still a terrible meme,anxious
this comment made me very nervous,anxious
"Yah, I'm a bad girl. In fact I'm bad at everything.",anger
"It would be quite difficult, considering that I don't actually have any to begin with, hence the question.",sadness
30 people is big for you...? Dang im middle eastern and it's over 500 guests each time..,surprise
Not bad at all.,anxious
Maybe don't be friends with this person anymore...,neutral
Didn’t the chinook end? How are her legs not freezing off?!,surprise
It's alright. This is just an unpleasant memory now. Kind of rude of your brother though!,joy
I'm so sorry,sadness
The amount of people there saying water is free is astounding. How out of touch with reality can you be?,surprise
Really that's not very sad at all,anxious
I think they were planing to be tag team Rapists to a much younger you. I’m so glad you cancelled.,anger
[NAME] on a pretzel. That is just...fucked up. Those comments are absolutely...I can’t think of anything awful enough to describe them.,fear
If only. He’s signing with the red wings 100%.,neutral
Now look what you've done.,fear
Will do tonight!,surprise
there is also r/foreskin because why not,fear
"She had really bad chronic back pain from what I can remember, so was self treating with alcohol",anger
I've wondered this too!,joy
Looks kinda creepy when you keep watching,fear
Problem is that most of the female posters here either do it for attention or almost immediately ghost because they come to their senses.,fear
And that smilie she gave the fiancé when he sat down with the sandwich....I would be scared if I was him.,anxious
I hate it when mom and dad fight.,sadness
Sure but its exclusion isn't some big travesty,fear
Lets see how [NAME] goes in Round 6,surprise
"Wonder why he's falling backwards, it can't possibly be because the player is falling into him.",fear
Tbh that’s kind of the exact player we need...,fear
Why make it a video? Could have just been a text post.,fear
"Here you go, sis. be warned tho, top cringe.",neutral
"I'd be terrible at this, I eat so slow.",anxious
Had to pause for a sec to properly cringe when [NAME] says why he got sent to the school. Whyyyyy would you *announce* that oh my [NAME],surprise
I don't want [NAME] to lose her job is all. She's a rare teacher who loves her job and students once you help her out and all..,joy
[NAME] Late Registration my favorite and Gone my favorite song even though it's hard as fuck to choose,joy
Didn't that used to be the Northern Bank building? Never been troubled by pickpockets in Bangor but probably because I looked too poor!,sadness
I thought about it before. But I'm afraid I might get in trouble.,anxious
explain Hudson bay edit: not to say Florida flooding wouldn't be welcome change,surprise
Growing up in Chicago this was my life. Pissed he didn’t make it.,fear
"Sorry to say it, but you will have to do that for now It sucks",anger
"I like how he just watches as it happens too, reminds me of what a cat would do.",neutral
I understand just so hard feels like I’m being thrown away like trash I don’t want to imagine a life without her in it,anxious
Louth is just an auld patch of muddy water you wade through to get from Belfast to Dublin.,neutral
Man red dead 2 looks so good,sadness
Is the Queen movie bad? That makes me sad. I'm still watch it anyway.,sadness
We're ALL what's wrong with this country,anger
Omg I thought you were paraphrasing. I'm so happy that those were the exact words they said.,joy
My nerdy ass miss read that as [NAME],neutral
Sometimes I feel like this stuff can’t be real life.,fear
There's no better way to make yourself miserable than by comparing yourself to others.,anger
Still saddened by the fact that we never got to see prime [NAME] vs prime [NAME].,sadness
Avery - responsible coke users,joy
[NAME] Edit: but certainly LP deflated there,neutral
I'm speechless.,surprise
We may destroy the rest of the world in the process.,fear
That makes me super hesitant. I wouldn’t be upset if we end up with him but the last thing this team needs is raw players.,anger
"Reality is often disappointing -TPUSA, probably",sadness
"Yeah, my schedule has been brutal for the past 2-3 years. This year it has become my objective to get more involved to get-in with more parents.",joy
Cool. Hope they intended to clean it up but this kind human beat them to it.,joy
"CREEP FACTOR MIDNIGHT ""virgins gonna be scared""",anxious
Curious about your thoughts on BC’s LNG activity.,surprise
"Shrug, ndp is still going to lose. I don’t really care how many there are.",anger
I know but it just sucks to feel like this,anxious
Good. Stay the fuck away.,anger
Really feeling you today.,sadness
Waterspouts might be one of nature’s most beautiful dangerous things,anxious
"It's brainwashing. When you have people keep pleasuring themselves, they're easier to manipulate.",joy
Who still unironically says SJWs? You look like an idiot saying that.,joy
Shut up you shill /s,anger
There are some amazingly cringey compilations of terrible dialogue from this show on yt,fear
That hit was under 2 seconds after he had possession. Was it unwarranted? Yes Was it SUPER late? No,surprise
You're setting the bar awfully low for yourself.,anger
I had this insight too What is it called? Theres probably someone who already had this idea 800 years ago and wrote 7 books about it.,surprise
"Personally, I assume that those who claim NOT to be deprived in this way are just adept liars. That's how deprived I am.",sadness
"Not bothered about the media, it’s you lot greeting about morelos bullying your team mate",anger
I'm confused what you're crying about. The situation has very little to do with us.,fear
"[NAME] no, these are horrid on anyone.",anxious
Problem is that picture is there before you ever set foot in the cabin; [NAME] put it there. Just makes it creepy.,fear
Again it's weed not heroin. Smoke it. Or sell it.,neutral
Wow! There's no reason for this comment!,surprise
Of course it bothers you. She just admitted that something inconsequential to your relationship would be a dealbreaker.,sadness
Oh I didn't even know there was a web novel,sadness
The mods deleted it I'm sorry,sadness
"But what about teams like the cavs? They are clearly a terrible terrible team, but they gotta wait longer to rebuild with a 3 year average.",sadness
Wow that was really bad. But thanks for trying?,anger
Shouldn’t this be “How sex feels after your wife has a child”,sadness
> its just there to make people uncomfortable and force a tip. No one working there really expects a tip in the first place.,neutral
Pay couples to have kids. I'm not sure if the incentives apply to single moms.,fear
We just got a ninja coffee machine. Don’t even need filters! It has little waste besides the coffee grounds. I love it.,joy
True Story.,neutral
Socialism?!?! But le higher taxes!!,fear
"Me, because I'm a narcissistic bastard.",anger
Hope + Sabres = Mistake Just remember that you love hockey and do your best to enjoy the ride.,neutral
"I like simplicity of the Jersey, but the logo stinks.",joy
It looks a little like my 5th grade science experiment...,sadness
"I’m a hitman. Joke. I’m a forensic science student. Really enjoy my course, but I’m changing to biomedicine.",joy
It’s a wonder [NAME] didn’t get more duis with the amount he needed to drink,surprise
"Tried so hard and got so far, in the end it doesnt even matter",sadness
Imagining ten generations alive at the same time *is* a terrifying concept.,anxious
"Hey, [NAME] isn't *that* annoying",fear
Oh [NAME]... now you’re stealing my lines.,surprise
I have no confidence to boost,anxious
I gave up trying to be 'normal' years ago. But I get your point though.,fear
Too bad it wasn’t a sword.,sadness
Good puppy!,joy
">zucchini Literally LOL! I'm trying not to wake my sleeping husband, but I can't stop laughing!",joy
Do you boo boo. Live your best life,joy
The “sad [NAME]” tops it off,sadness
No they wont,neutral
Wait... I have been in two movies and I have played [NAME] in both.,fear
"Except he does literally every game, but not everyone can watch them.",fear
>[NAME] Well he forgot to save me from the 'word of hella'.,sadness
"Wow, I’m going to have to remember this one...",surprise
Following in the long tradition of network cop shows. Dat [NAME] ass tho.,neutral
the media ruined a kid's life for no reason,anger
All these women are going to have a tough time supporting each other while they explain to the American public why their competitors are unqualified,neutral
">""ad"" nauseum I see what you did there.",anger
I'm a woman and I lost mine at 26 (was just a later bloomer) This obsession with virginity is odd.,sadness
Where on earth do you live that newborn non drug exposed babies up for adoption end up in the foster system? Sounds pretty optimistic on her part.,surprise
"I had a monster panic attack myself--and also managed not to go clingy with it. I guess I should be proud, too!",anxious
What the hell are you on about now? Those are some weird examples to go with your clarified opinion.,anger
Bro. You think roads and infrastructure wouldnt be built if it wasn’t for the government? My sentiment still stands. I pity you.,anger
"Dating [NAME] tends to wear you down, late 20s must’ve been rough",anger
"To be fair, I will also continue to jerk off to pictures of [NAME] in shorts He looks so good in them",joy
"backstories for all the [NAME] kids, im super curious about it since they announced itll be released",surprise
This year would’ve been the year to start it... we’ll likely be losing the heart of our team after this season,sadness
I want to so bad it hurts. I guess I'm just scared.,anxious
I secretly hoped we would lose by like 70.. 35 is not enough,sadness
"Wait until they find his bastard son, [NAME]. Birthed by his mistress, [NAME].",neutral
How did you get them for free?,neutral
From a quick glance this account would seem to be glowing,neutral
Do you.....have a certificate showing you're not a donkey-brained man?,surprise
We're well past the demoralization phase. You're 20 years too late. The left has morphed into something unrecognizable now :(,sadness
"What’s populism? I’ve seen it a lot lately and it seems to have, as far as I can tell...no meaning.",fear
SE 89th just north of Brooklyn St is one of the worst I've driven.,sadness
"Does that violate the NAP or not, hmm🤔",surprise
The jerk store called. They're running out of YOU!,sadness
#PLAY [NAME] I miss that :( baseball plz come back,sadness
"Here in Russia, we do not like when our culture is misrepresented, but we make fun of such misrepresentations.",joy
ESPN and sports is not a good combination.,anger
Some drown. Others look to the sky. I thought it was a blog.,fear
Don’t let the bastards grind you down. I’m so sorry for this experience. No one deserves to be treated that way.,anxious
"Yes, I've had this fear. It's even worse when you *don't* say goodbye and then it's the last time you see them.",anxious
I like this one she looks like she's basking in the warmth of the sun and just taking it all in it came out real nice partner,joy
"I'm curious to know, why did you behave like that when you were young?",surprise
"Im reaching that age where some of my friends getting married, having kids, making 6figures and going to jail...",anxious
"“Whine” is such an *emotive* term to use. It would be ironic, but you’ve been trolling here the entire time.",neutral
I feel like I’ve had this exact same conversation with a customer at my old job.,fear
Why is it embarrassing?,surprise
"Real talk, that's why I never tested that post... Figured best case scenario it works but your account gets flagged for something",fear
Lol I need details!?,fear
women dont seem to think so.,fear
im putting my faith in you son,joy
"Time consuming too, but buying a box that size outright is stupidly expensive—even if you order a bundle of 25 at a time.",anger
by the time I found it was a delay it was too late to go back to bed but I didn't have enough time to do anything fun,sadness
"Should be ,,How to be a [NAME] Character""",fear
I don’t understand how her parents were able to take kid when she claims they are horrible alcoholics,anxious
How has nobody in the coaching staff tried to stop [NAME] from going in and killing us,fear
Some additional background the robo-voice on that video is horrible.,fear
Im so glad that you have peace today :),joy
Who said i was a kid?,surprise
Maybe check the song title one more time chief. Love the song tho. Also today’s a Scared of the Dark kind of day for me,anxious
Indeed. This episode is for me the best one officially. I'm scared for the finale,anxious
This is peak Dundee.,fear
Combining the savvy business strategies of MLMs with the insufferability of wine moms. Expecting some quality content here.,neutral
Man I wish that was a real sub,joy
"Hi, I'm not [NAME] but I do have a question. During the term of your education were you ever required to do any research?",fear
"On [NAME], the allegations and the final result were very different. If I recall most of the complaints substance was rejected or disproven.",anger
"Sir, you have been warned. You antagonistic attitude will not be tolerated. Please try harder at being a model citizen. Thank you for your cooperation.",anger
"Uhhh I can’t choose just one! But I would say it’s all between documentaries, music and my pets💕",joy
i think you could say the chat about smelling their own farts was also added for comedic effect,joy
I have trouble even remembering what true happiness feels like,anxious
[NAME] absolutely embarassed Milksmith in the game we've lost against the Griz. It never would've happened if we had AD.,sadness
Try it sometime man. You may just enjoy it,joy
Shh don't spoil it for us,anger
What do you stop from trying until seeing if you truly can or not?,fear
"No, that's my radar detector.",anger
"Lost my only grandfather two years ago to Alzheimer's, this is great news knowingly this disease sucks",sadness
I don’t know why but I watch that and just imagine how red barbecue [NAME] would get [NAME] belt out some of those notes,fear
The fact you think they earned their wealth with effort shows you dont comprehend their wealth,fear
Was he rejected because of his methodology or because of the content of his studies?,neutral
Honestly scared to see what happens,anxious
"Yeah, I do. I'm just pretty sure that that will fuck my heart eventually. But I'll worry about that later.",anxious
Are you implying that you can't take a joke?,anger
And those poor kids are still paying for it. And we have actual grown adults that are bullying them even today.,sadness
Rip the guy from psych,sadness
"I'll have you know, we've never lost to a 16-seed that was the winner of a play-in game",fear
I'm a danger to myself,anxious
It is like how I imagine [NAME] and [NAME] people seeing wooden ships across the water the first time.,surprise
"Yeah, but nobody takes McD's hamburgers seriously.",surprise
Easy to forget [NAME] since he was hurt but I'd add him to your list.,neutral
I couldn’t believe my ears. she’s unbelievable.,surprise
Idk it’s your choice,anger
I have a headache from watching that,anxious
We didn't win in Alvalade even when they got 7th place. We just have some sort of block there,fear
"It makes me uncomfortable for anyone to force physical affection on anybody, it doesn’t matter the age.",anxious
You clearly don't have a clue about [NAME] career so don't start worrying about it now.,anxious
I never will understand the reasoning behind puking in a toilet... Perfectly good bucket right there.,fear
*oh gosh oh frick,anxious
Yeah shame is hard to deal with,sadness
The way it took out that tree!!,neutral
So everyone who suffers a family loss should be exempt from paying any bills etc etc For how long? A month? Three?,joy
Did you laugh at this meme?,surprise
Great! Now down with [NAME]!!,joy
Go Pack from RVA!,neutral
I always get concerned when I see Nono standing at the stove or being instructed to pick Milania up from demon spawn practice.,anxious
"Ooohhh shit, they did *not* just say men should be decent human beings, they've finally taken it too far! Gather the troops! /s",surprise
It is though. Certainly the worst Zelda game at least.,anxious
"6lbs is a lap dog, if someone shoots that cause they're scared it's aggressive...",anxious
Omgggg i’m dying at Stassi. She looks like she was going for a jersey shore look. Shes still gorgeous though,anxious
Im actually going to this game! One of the only chances every year I have to see the boys play in person. LET GO DEVILS,fear
"I was looking forward to seeing the new predator, this (the concept, not the spoiler) would have made me dissapointed, yet intrigued",surprise
Ah well I still feel a bit bad for the parrot but at least he won‘t be harmed :),sadness
"You're right, I should stop being so worried about other people. Family is forever.",anxious
That is definitely an unpopular opinion. Upvoted.,fear
"Uh, sorry. We're under trumpcare now.",sadness
Sitting down and wiping is disgusting. Especislly when using a public toilet. Fucking savages up in this thread.,anger
"Fix their pay algorithm, the app, rating system, and hire more Dasher support representatives.",neutral
"You're saying some surprisingly stupid things for someone named ""[NAME].""",neutral
are you a genji main cause i feel the same way,neutral
What? No angelic BROWN EFFIN COW????,surprise
Aw it’s the same user who was scared of breast feeding lmao,anxious
"Aren’t people on the internet the best! I don’t blame you for deleting, no time for negativity in this life. 🍻",surprise
Whatever happened to the three body movie?,surprise
Thank you. I hope we can both/all stay true to ourselves and not to become cynical about others due to our experiences.,joy
It's not about not understanding it's that you're wrong. It's sexual assault. Rape = person being penetrated. You've been shown multiple definitions.,anger
He's a RFA this summer so we can keep him if we want. We definitely have the space for it.,neutral
So cynical! 🙄 😂,anxious
Many of them do love LEGAL ones.,joy
"This is a ""lose in the 11th round of the shootout"" type game",sadness
"That's what I can't understand either, what were they expecting by knocking on the door?",anxious
I look forward to him posing for photos with his new mole-wife.,neutral
This wouldn’t feel so bad if sales and footfall weren’t but many external pressures were keeping profits down.,anxious
I know how you feel :( I hope you start getting more good days soon. <3,anxious
"I'd say it was a rather critical observation, so yeah, scrutiny.",sadness
What about for the Switch?,fear
Could you point to a specific policy of [NAME] that was to the left of [NAME] on race please?,neutral
Never thought of that. Now i dislike Heaven more than before.,anger
"Well what is she gonna do, climb over the wall?",anxious
Does anyone notice how his voice always changes when he’s trying to be cute and charming.,surprise
Just another above average looking girl who works out for a year and gets a million followers for posting her ass. We live in a society,anxious
"Its an mlm in disguise, branded to appeal to the college demographic. I got the fuck out",anger
[NAME] looks like she is satisfied with the lesson she taught her son,neutral
I hate deer. Damn big assed rats,anger
We need them both. My heart can't take another year of wasting deGrom gems in late innings.,anxious
I would say ask him. Don't read into things too much. Just enjoy. You'll never know if you don't ask.,anger
Have you talked to your group and [NAME] about him?,surprise
No. 2 “It’s a pornography store. I was buying pornography.”,neutral
Thankyou!!!!!,joy
You're giving fascism too much credit here. They were backed by capitalists in the first place because it was profitable. It's those two together.,anger
"Oh wow, [NAME], owchie [NAME], [NAME] to pick one",neutral
"as much i like those posts, for depressed people it often isn't that easy!",anxious
Oh no you didn’t just quote tlc...👍🏼,anger
"Sorry, I posted this first but then you said something that I wanted to acknowledge I agreed with.",sadness
"Autism (mechanistic thinking, lack of theory of mind) is the opposite of intuition (thinking without thinking).",neutral
That’s a lot of eyelashes to be losing,neutral
Just saw your history. Makes complete sense now. Your a trumptroll. Bye.,anger
"I can't believe this team beat Winnipeg last week, handily too. That effort hasn't been there since.",surprise
"Thank you! Forgot to add her youtube. And her second, smaller, channels (super entertaining rants):",joy
By taking it as a nonserious game you don't need in order to enjoy and have fun with it.,anger
Yeah that is the consensus I got for sure. Looking for a new place to live lol,joy
31 here. 2 weeks is ridiculous.,anger
me too. it's a way of keeping distance. feels too intimate to use someone's name.,neutral
Not to mention that the automation is meaningless if the economy that supports it has collapsed due to rampant poverty and unemployment.,anger
"Is it just me, or do these children look really uncomfortable around the Duggars? The smiles look forced...",neutral
I do this while not high.,neutral
General population are scared of press,anxious
“So which one is she” “Uhhhhhhh.....”,fear
You should have a friend come with you instead to avoid more hurt feelings,sadness
"As a libertarian, the market value of my love for you is pretty damn low but I’ll give it to you anyway.",neutral
"I do, and I've experienced a similar situation falling asleep. Like my mind is fixated on an object that keeps getting bigger and bigger.",neutral
Was it? I thought it was someone from last season. Maybe I am just remembering wrong. I’ll have to watch her again!,fear
Breaking news- Man having fun at party is mocked by basement dwelling redditor.,neutral
So in that case I'd be able to look at what I'm about to lose until I come back the next round 😅,joy
Was he rejected because of his methodology or because of the content of his studies?,fear
oh thats rather weak then. kmt thought they would know better. its a reactable headbutt.,anxious
"Meanwhile, 1500 a day continue to die from cigarettes",sadness
ok. thanks for the info!,joy
"I'm more than sure we [NAME] lovers feel the same way, her outfits are awful",anger
I laughed at this...I think it was the voice I read it in my head with...,fear
I still hated the system though. I felt penalized for using anything that wasn't the power beam the entire game.,anger
Why? I don’t think I’ve ever seen someone not like [NAME] irl or here. Witten I can see though.,joy
Are you willing to donate to local organizations or do you want to focus on national? What issues do you want addressed?,surprise
"I actually realize this today. Woke up, swept the floor and the bathroom, have being amazing all day long.",fear
Why aren’t you using dark mode,surprise
I live an hour from one but was afraid of driving all the way there and them telling me that I have to order one.,neutral
Saints Moderators are busy banning tonight!!,neutral
Thank you! We feel hard. We just don’t express it the same way feelers or maybe just most people recognize.,joy
"i swear i've seen this on a poster somewhere at my school, it's awful",anger
Now he needs a skin care routine!,joy
They come to your house and rob you at gun point. Be honest. What are some ways that this could be resolved?,fear
To be fair he did apologize for that one after he learned what Pride was really about but I still wouldn’t recommend going near his Twitter anymore,anger
What did he say?,fear
It was complimentary. Was it a fly? Quiet possibly.,fear
The dryer sounds like a fire hazard to me.,surprise
Total funding was the exact same. I would have $1000 more in loans instead of that $1000 being a grant.,joy
"As per, they’re being slammed on social media. Their response and justification of it being from seven years ago is contrary and lame.",anger
"It shouldn’t say that, because it is not single payer",anger
I am a leaf on the wind...,neutral
Because they fear for their lives...,neutral
Is that the only symptoms you’ve noticed? Are you normally worried for social situation?,anxious
I'm honestly surprised you haven't been banned yet.,surprise
"A 2-day old account, and this is how you decided to use your time? Trolling the teacher subreddit? Ok dude...",surprise
I’m sorry :(,sadness
How about breaking into tears whenever one of your friends tells you they trust you because you never understood what trust meant,sadness
If they effect you differently they should be treated differently. If they both make it dangerous or otherwise.,anxious
"People will go mental hoarding food, so you should be hoarding food, not like those idiots that panic. I'm confused.",anxious
"Well shit, time to talk to the wife. It appears she has two husbands.",surprise
I’m more worried about the dude getting pissed all over my shoes,anxious
That seems stupid.,anger
Well you needn't worry about it I won't be coming back to that floating turd you call a country,anxious
Omg [NAME] I can't stand Orange anymore after watching wentworth,anxious
"Back in my day, we didn't even need language to survive! Animals just roamed around, making different sounds depending on context!",anger
Not to mention [NAME] screening two defenders haha,neutral
Cali is getting rain this weekend so going to miss that,sadness
I had never heard of chonky either till today,fear
Sorry for all the questions I just find ASPD to be a fascinating disorder. I have BPD SO to me not having emotions sounds like a dream.,sadness
i have bought this but not played. i'm scared. hold me.,anxious
"I still have no idea what ""died three times"" means...",fear
"[NAME] is not fascist. Heck,she's not even alt-right",anger
I could not agree with you more! These selfish women crying abuse to manipulate.,anger
"Ironic, since [NAME] is literally doing that, but with migrant children",anger
Idk my brain doesn’t process what I’m watching if I can’t read along at the same time,fear
Me too! I got scared that I've been laundry inpaired my whole life and never even realized it!,anxious
I couldn’t agree more! I think deep down all I wish for is some weird validation from women,anger
It's not nearly as easy to underreport murders as you think,sadness
Never worked on my babies. So disappointing,sadness
> Same guy that was saying about this time last year that using P2PKH was harmful to Bitcoin and people should use SegWit. Liar,fear
"What’s crazy is when [NAME] came back [NAME] played him down the stretch instead of [NAME], [NAME] seems fed up with [NAME].",surprise
scared for sure... scared of how much money we're gonna have to pay him it's gonna be all the moneys,anxious
The right time would have been never being there in the first place,fear
That logic leads to a very dark place if all you have are terrible people in your life.,anxious
I miss [NAME] and [NAME]. :(,fear
"Holy shit, your therapist just (inadvertently) explained SO MUCH in my life, internet stranger.",anger
No man don't you see!? People just change genders all the time and celebrate how fun it is! ^^^/s,anger
You’d want it in higher resolution I reckon,joy
But did you see my friend sent me a picture of [NAME] trying to tell me he's having a baby,surprise
So I uh just checked it out and my sanity is gone,surprise
I love doxies. They're absolutely the best most pain in the ass wonderful loyal dogs.,joy
And that smilie she gave the fiancé when he sat down with the sandwich....I would be scared if I was him.,anxious
was it a serious injury? like bleeding on the brain? If so then it could be legit.,surprise
What a tool!,surprise
Big if true,fear
Is it just me or does the outro hurt your ears. The intro is a whole 12/10 but the outro just seems to hurt,anger
You’re so right. I’m just overthink it. But do you think it’s better in person or text?,anxious
That's sick I love your setup! Have a great tour bud!,anxious
You need to stop focusing on him and focus on you and your daughter.,neutral
Idk if I want [NAME] back but I agree with [NAME] ONLY if he keeps playing at this level by the end of he season.,fear
"Considering the whining he did in our modmail, he may not realize this.",joy
"watching [NAME] attempt hook shots gives me a panic attack, even when he makes them (which is rare)",anxious
"And the secret weapon, in case of emergencies: TRIPPLE THE OFFENSE!",neutral
"Literally every man, hell every person, has things that weigh on them. One type of person gets a lot more positive support though.",neutral
The Best Argument against RWP/Neocons/Palecons/Libertarians/ClassicLibs is the fact that the American State have indulged in Wars for commodities since its incepcion.,neutral
"I'm talking about statement in 11 july, not 14 july. I think you are confused. I posted 11 july statement",fear
Took me way too long.,sadness
"Let it flow through you, become empowered by it.",joy
Players need to have Agency over their characters. you did not. total crap. :(,sadness
[NAME]? never met one those.,fear
Ew. Being raped is not getting laid,anger
Maybe it meant sorry just wondering,sadness
Omg my 3yr old kept rubbing it all over his face the other day too!! 😆,fear
The kind look on his face certainly helps,neutral
Shit okey I think I’m ready,anxious
I knew this was a Shitpost before I clicked it. Is this an INTJ thing btw?,surprise
"Stocks have less market friction...there is also more chaos due to the amount of individuals vying to make money there, compared to here.",sadness
This is a slippery slippery slope that ends with the backstory to the Wrath of Khan dude.,neutral
[NAME] is the gift we all deserve,neutral
LPT: If you need more money just get a better job that pays more!,joy
What evidence are you basing this on? What evidence would you accept as convincing you're wrong?,fear
Are you sincerely saying that [NAME] are bad because they were in the minority?,surprise
"Ahhh, I see. I thought you were saying they made you afraid of the sessions.",surprise
"It depresses me that the Carousel revamp has been a popular answer. Thats not a change, that a sliding scale adjustment.",anxious
[NAME] gets eliminated the 3rd time she's in the bottom so this is wrong and [NAME] would have the best track record if this is true,joy
Wow. Never knew there were so many here.,fear
oh my [NAME]. it was hurting my brain. i only saw the disappearing boot and thought i was missing something.,anxious
[NAME] just think of how overworked her liver and kidneys must be!!,surprise
"Such nice, silly, warm friends once you get to know how to act near one. You have to learn the secret scratchy place too!",joy
This must have been totally horrifying for you. I'm glad to hear you found peace in the second birth.,anxious
I'm puzzled,fear
The weight of all that water is enough to kill someone if they don’t drown.,anger
You president now?,surprise
Hell's Kitchen. I bet that man could make [NAME] cry.,anxious
Is your job my job? Because I don't know what it is about hardware stores that make Ppl stupid but hell are they stupid...,anger
"under inflated tires can cause tire fires, as per the DoT handbook and fmcsa",anger
So looks like it was gang violence?,anxious
The tree actually moved!!! Who is this guy?!,surprise
RemindMe! 3 weeks,neutral
This sounds an awful lot like khorne......,anger
"So sounds like she was raped, and she seriously needs to press charges, this bartender needs to be raped in prison big time.",anger
That isn't really true if you've watch all Arsenal games this season.,sadness
It'd seem weird being around a handful of other players and literally everyone has a pet dog,sadness
maybe you learned it from the yellow vest movement in France?,neutral
"Yeah, but if they don't get the point, they go and try somewhere else... like say unpopular opinion maybe",fear
"They make it difficult to chant this, they go and get indicted way too soon.",anxious
This is how far the Broncos have fallen. They no longer command the best and the brightest. Now it's .500 retreads. This should be concerning.,anger
She forgot about the Buttfor,neutral
I thought we traded away our losers like [NAME] and [NAME] already.,neutral
"Not sure, what organization? How deep are you certified for? Most shops are PADI, but you can cross over easily.",fear
What a greedy person. 8 years jail and hopefully disgraced out of his profession.,anger
Am i missing something or is this an antijoke that doesn't belong here?,surprise
"Uhhhhh...it ain't cheaper than upstate especially the Syracuse, Rochester, and Buffalo area. It's much more expensive.",fear
Iirc she's alive but an alcoholic.,sadness
If I wanted to vote I would vote Labour. Some Conservative MPs are in the wrong party.,fear
"Lol well if you see an awkward looking girl in a white car following at a safe distance, just know that’s little ole anxious me!",anxious
Makes me want to break out my 'learn to use my SLR properly' resolution again.. more time commitment tbh. Great shot.,anxious
Jordan closed its border long ago. And they shoot at militants trying to cross it. One such incident was all over the news last year.,neutral
"Great, about to rewrite my many ToDo lists",surprise
Really? Wow I was sure they were huh. Even still I feel like he needs berserker light damage for that sword,fear
Danggit. Im mad i didn't think of that,anger
that’s beautiful. are you sure it’s only twelve feet though? it seems much taller,fear
How to flush your money away,neutral
Bad luck you’re in Beckton,sadness
[NAME] stopped napping at 18 months. We’ve been implementing quiet time since. It’s wondrous.,surprise
But how's the breathing through the nose. That's the important question. Can he nail it?,neutral
i said first world :),neutral
No response after a week? That's something to worry about.,anxious
I think you spoke too soon,fear
"Thanks a lot, [NAME]. Now I've lost my train of thought!",joy
"if the pain doesn't go away after 4 hours or so, it's broke.",sadness
[NAME] was autistic BOOM,anxious
Care to elaborate? I'm curious how this is true seeing as last I checked they were the highest paid in the country.,surprise
"I'm more worried about him scamming children than ""oNLY"" scamming them into thinking they'll get $100.",anxious
As someone else has mentioned it is not theft technically. So that will probably only cause more problems for myself.,anger
"Oxygen thief is an amazing phrase and I am going to start using it allllll the time, thanks!",joy
An online poll that the Berners didn't manage to swarm? Color me shocked.,surprise
Flappy boi doin a heckin scare,anxious
I'd say [NAME] at 8 is pretty disrespectful,anger
My office has very few personal offices. Its awful. Managers need closed spaces so they can talk without everybody hearing,anger
Guys who work on aircraft usually have hard time hearing. Its unavoidable.,sadness
"How so? Genuinely curious, I've yet to make a judgment here, as I'm not informed enough. Edit: typo",surprise
[NAME] I still love my [NAME] family too,joy
"Awe, poor baby.",sadness
I highly doubt that the ChiSox offered him anything more than $210m. Either way it’s inexcusable for the yanks not to match,anger
Yeah that pass,joy
">Well, minus the interbreeding part. Eh, I wouldn't be so sure about that",fear
Having met [NAME] wife (figuratively)... I reckon [NAME] is a bit of a monster...,anxious
"Shit like this is just depressing. Not surprising, but still depressing.",anxious
He could have easily taken a real camera from a legitimate source and change the price in Word/Photoshop and then print it out.,anger
On this sub I don't know whether to upvote or downvote,fear
new genders about to drop doesn’t strike me as a bad joke tbh.,anger
"People will stop wanting to punch/jail these people when they stop being ignorant, selfish pricks putting newborn babies at risk.",anxious
"Sadly, it was not",sadness
"This is embarrassing, but while purging I wear a pad or don’t wear pants at all. Eating disorders are so beautiful /s",sadness
"Ah, that sounds frustrating! Thanks for sharing. I think I might steer clear of the teeth thing.",anxious
I'm guessing they give up garbage time scores alot when they have the win in hand.,sadness
I’m a little scared of telling my parents (I’m in high school.) How do I approach them about this?,anxious
"You all are looking at this guy reading this book, but ARE YOU SEEING HOW HAIRY THIS GUYS ARM IS?!?",surprise
I was so worried for the kitty the whole story.,anxious
I read this while taking a sip of tea. Bad idea,anger
Has anyone actually read the terms of service. I haven’t...😔 Is this a valid reason to break the contract I signed?,surprise
"i disagree with that, you cant say everyone in the country does that, you dont know every [NAME] and their entire life stories stories",anger
"Damn I got a notif from a (very cute) friend saying ""no u"" on Discord right before I saw this",sadness
This is amazing haha. I think he’s got the type of personality to win too.,joy
"Given the current state of our relations with SA, I would submit that judges should probably deny bail to Saudi citizens accused of serious crimes here in Canada.",neutral
"Their roster just doesn’t work, sadly they didn’t realize it in time.",fear
DAE hate unnecessarily salty people like OP?,neutral
"I was never a [NAME] guy, though he was CERTAINLY my 2nd choice. But I deeply love and empathize with this...",joy
I thought she had that same expression when he proposed as well. Or at some point during the proposal dinner,fear
Hahaha this is great! What episode/season is this?,surprise
Ping pong in the park and maybe a cold one with the bros,neutral
Almost downvoted you just because that made me so angry.,anger
It is sad they didn't have a 4k highspeed camera running on this... I feel like the world lost an amazing possibility,sadness
That solves it. Thank you!,joy
Very sad. People like this are ruining Aus.,sadness
For myself and my lustful habitual sins if you don’t care. I’ll be praying for everyone in this thread too.,joy
"That’s a shame. What’s worse, evangelicalism or Scientology? Tough call",sadness
I agree with the last statement but apparently I'm also bad at matching pokemon to rep :(,anxious
I love how Chapotraphouse links directly to neoliberal,surprise
He's not had a great season but Athletic in general has been a shitshow this season (and last) so no real surprise there.,neutral
I would give it a day before people started changing their minds if we had this option,fear
Pretty poor shots mostly. Couple of great saves from [NAME] though.,neutral
HAHAHAHA I'M AN ASSHOLE,anger
Well he is saying the right sort of things. I'm glad [NAME] won but I'd like to see [NAME] come back well.,joy
Says nothing about a 2nd interview,anger
"This, great soundtrack to",joy
Wheres the telescope?,surprise
I didn’t know I could roll my eyes this far into my head,surprise
"I don't see a mom referring to a group chat as a ""thread"".",sadness
I just had a panic attack!,anxious
"He looks proud of his work, leave him be.",neutral
"Sorry, I wish I was wrong, but Mathews is over rated",sadness
>cat beby the fuck is wrong with you,anger
That's how mafia works,neutral
"I am female. If someone approached me in a coffee shop who followed your above rules, I’d be giving out my number for sure.",surprise
Not only Russia will use this technologie.,neutral
I miss my Shrek Ghrok :(,sadness
"Raw, unfiltered athleticism...whoops wrong player *puts down [NAME] player card* A real hard worker...could date the coach's daughter",joy
Arguing a player is the GOAT among every position is just a dumb argument to even begin with when it comes to football.,anger
I don't think fantasy draft has been a thing for a few years in career mode.,anger
I’m uncomfortable just looking at her.,anxious
You’ve been planning this for a while huh?,surprise
I have but she wont listen.,neutral
PS4 but thank you anyway,joy
"Aaaand I'm still here. I don't have a alt account but whoever you reported I""m sure is alive and well. You're terrible.",fear
"When religious freedom is limited, then you don't have religious freedom. Secularism is a religion, and trumps other religions in secular lands.",neutral
Wait one of the posters responding is using makeup from ten years ago.,surprise
I feel your pain. Sitting here wallowing in self pity and anger at how I let myself go!,sadness
Did anybody else noticed the mom right at the end hand gesturing the boy annoyingly as if it had been his fault?!,neutral
R/T DIDN'T WANT IT!!!!,anger
I don't think this happened at all tbh,sadness
Don't you feel embarrassed at all that your country answers to a country literally opposite of the world from yours?,sadness
It's not Russian land either. Your argument is still complete nonsense.,neutral
"Not really the same, but we're the most vulnerable type to be on the spectrum. That explains why autists often appear as savants.",fear
If your partner is assaulting/abusing you that’s a dealbreaker.,joy
Bit of a clickbait title. He said it's normal for a big club to sack a manager that's lost a lot of points.,anger
"Oh, didn't know. Will lock the post.",fear
I like [NAME] so far but making shots that you missed in the first half aren't coaching adjustments,neutral
I was waiting for that but this isn't r/nononono or r/Holdmybeer,joy
Because I have no self-control and I hate myself.,anxious
I've seen [NAME] at the bars in Huntington a couple times and every time I see her I buy her a drink.,neutral
"I hardly ever post in r/bitcoin. But then, r/Bitcoin isn't pretending Bitcoin Cash is Bitcoin.",neutral
Get some help with your decision. Maybe your church or some non-profit group in your area can talk you through it. Good luck! Keep us updated.,joy
I think you have a fundamental misunderstanding of biology ...,fear
That’s very unfortunate for the bosses. Capitalism sure does commit genocide. Ireland. India. Indonesia. Vietnam. Iraq. Should I name more?,anger
"Wow either [NAME] misspoke or I didn't hear correctly. I swear he said chainsaw, that is totally different from knife or cooking accident.",surprise
Helps quite a bit when the opponent forfeits the game by playing a high school QB. This is [NAME] in the playoffs bad.,sadness
"She could have handed him her phone and said, ""Fine! You try it!""",fear
You're a great dad.,joy
I can't tell if its a guy or a girl and i don't know if I love or hate that,fear
Acne scars unfortunately and also out of anxiety I tend to pick at my skin.,anxious
Absolutely. It's exhausting.,sadness
I've always found it weird how popular Nandos is in Britain.,surprise
"Hey, fbi guy... If you arent too busy. Its kinda cold outside and im out of bread. Would you mind?",surprise
Getting fired would make me leave im sure.,sadness
It’ll last until we win our 4th straight NBA Finals game,neutral
Right. I am more focused on the length of the relationship vs their age.,anxious
It's hard to be good to yourself.,sadness
It's nice for him to take time out of getting angry at people to lecture everyone.,anger
That place must be a gold mine of good stories.,surprise
You are the parent your grandson deserves. Your daughter will regret the pain she has caused.,sadness
No one in their right mind would pick Mount over Aouar lol People love to overrate our academy players sometimes,neutral
Ghost them. It’ll drive them crazy and give you the satisfaction,joy
I believe that people with the disease give it a chance to mutate when around people who are vaccinated,fear
[NAME]? 1st for [NAME]?,fear
I could've done without the bottom right pic.,neutral
Did you seriously miss the like 50 comments above that girls can’t play games?,surprise
>Star centre [NAME] in the leadership group Oh my,surprise
Oh [NAME] is serious about trying to win this game huh,surprise
He starts mildly enough with a pucker... then when she *backs away* he opens his mouth and goes further. Seriously - what kind of idiot is that guy?,anger
Couldn’t agree more with you. Thanks for this post!,joy
"It makes for awkward conversation when I ask ""What's your favorite song?"" And I get ""I just liked the shirt"" in response",anger
[NAME] is a fine woman leave her out of this.,joy
"You're a brave man for trying claw, I tried it for a week and eventually got pissed and bought an elite controller. Paddles for days!",anger
I feel like this anime will make me cry in the end. Damn even its opening is full of drama. Am I correct in this?,sadness
You think the game is unfixably bad but since you paid $20 you think it is worth your time to follow the community?,surprise
My mom just shared this on Facebook and I didn't even know what to say to her so I just immediately screenshotted it to share here,fear
"We were rumored to love [NAME] last year, so maybe we are interested in an athletic TE like that.",joy
My exact reaction,neutral
Yeah I’m so envious of [NAME] right now...,anxious
That’s a... tough decision. That dog better be able to talk.,fear
"Lots of coffee, if anything. I think he was just nervous. Dealing with media/cameras isn't for everyone, after all.",anxious
It took a surprisingly long time for this to be seen by me on this sub.,surprise
Why did he think that you work there? People visit hospitals all the time.,neutral
"if HL in offensive stance dodges it, then doesn't raider also dodge it? Or is that fast recovery into moves that are not dodging again?",surprise
How sad that you think because [NAME] wants something we should no longer want it. Grow up you child. Life does not revolve around you or [NAME].,sadness
>But a leader who strikes fear Like when people were worried [NAME] might murder them?,neutral
But what did he druer? Sorry. (Im not sorry),surprise
One of his most underrated and nostalgic songs ever. This song has a special place in my heart.,joy
[NAME] they always go back to the dyed hair what's up with that,surprise
"wow, here in Brazil people say the opposite of this phrase, also makes me mad",surprise
"Damn, chairs can communicate with eachother now? What a time to be alive!",surprise
How did this get upvoted? This is patently false.,anger
I am surprised Facebook can't detect a non mobile device and redirect to the normal page.,surprise
How can you tell,neutral
Her face oddly looks way narrower in this picture.,sadness
"Philly and Shock seem to be reliant on having extremely good DPS, so they could be at a disadvantage in goats.",neutral
It's fucking laurel you god damn yanny hearing fascists.,anger
"Ah yes, my apologies!",sadness
This reminds me - I need to feed my horse......thanks AOC,fear
it’s amazing how he is already just about my favourite skater ever.,surprise
"SG12, spitfire, rampart, titan and saug.",neutral
That live snail got me freaked,fear
Very handsome!!,joy
it's hurting my heart :( why did you leave me,sadness
Oh wow I didn’t know they put out the entire song. Thank you! Have an upvote.,joy
I heard the ostrich was sick.,anxious
Losing to cruz azul smh,sadness
That's a bit tricky to pull off,anxious
I cringed and flinched. That’s a bad day,anxious
"I like to think that this writer had one bad experience with a dyson product, and is now on a mission to destroy [NAME].",neutral
This is the truth they don't want us knowing!,fear
Locked it in chastity,neutral
Pretty sure that had been upped to at least 10k subs. It actually might even be higher now.,joy
I’m not crying... I’m just cutting onions... I-I’m making lasagna..,anger
"That's awful. I'm glad [NAME] doing better, but he might have serious trust issues for life.",anger
They can’t allow it because then the left would fall apart. The only way you can truly be a leftist is if you believe in lies.,neutral
Would destroying the business bring them both closer together?,surprise
"Dude, your mentally handicapped post history. /I'm ignoring ya it's all good",anxious
Usually i am getting games back to back so no standing time for me 😒,neutral
Real-life goblin checking in. It’s very demoralizing.,anger
"Oh good grief! Put it away, [NAME].",anger
"Wow after that [NAME] turnover, I've never turned off a game so fast",fear
Wall St is scared of the 2020 Democratic primary.. Good!,anxious
"Welcome to The World of... Mobile MMOs. Where power can be yours, for a price.",joy
Gungrabbers? You act like they're busting in your door and taking your guns. No one is forcing you to do this.,fear
Wiretaps and catching low-level guys and having them flip on their bosses/co-conspirators. Source: Watched a lot of TV.,sadness
He's mainly on Twitch now. Before I unfollowed him some time ago he did some YT content from time to time.,fear
The third floor isn't high enough. I'm also in dire need of a job and the stress is unreal.,anxious
I can’t wait for this Narrative to stop. DLO has the best numbers just look.,surprise
I don't really understand what they are even proposing or how realistic it is to implement. It just sounds like empty words.,fear
"[NAME]: ""and [NAME] with *another* clutch three!"" Me: ""WHOMST?!""",neutral
"You know I never thought I'd celebrate someone's death, but once she goes I'm going to have to try very hard to not enjoy it...",sadness
Don't make me run! I'm full of chocolate!,anxious
"That thing is rather thin , it wouldn't be a big problem to tap-swallow it",neutral
Merrily merrily merrily merrily something something scream... (I am not creative),joy
"Nothing special, just love a good knife fight. Bonus Revive.",joy
I met [NAME] and he actually DID give me 40 dollars...I worked at a movie theater near where he lives and he bought snacks.,joy
I'm quite interested as well!,joy
That is the end-all and be-all of the situation. if you feel upset or insecure you should definitely be creeped out as he's doing it.,joy
"Hey- that's where I play tennis! No slapshots, pls.",fear
If I have to watch Canada lose in a shootout I'm gonna lose it,sadness
And how she can’t cry bc of her “expensive lashes.” 🤦🏼‍♀️,surprise
I punch them in the throat before they get the chance to speak.,neutral
[NAME] - I misspelt and can’t correct it now,fear
Right?? It makes no sense she’s horrible,anxious
But the right to not have your property taken away from you is a right.,fear
Could you imagine? That would be so terrible for viewers. 😂,fear
Don’t think there is a single person that thinks he overreacted there,joy
"""Oh no, my blue heroes died, it's probably very bad, time to concede"".",sadness
What a jackass,neutral
This is amazing!! Will it be integrated with the 7th heaven mod collection?,surprise
"Yeah it’s a repost, I saw this same exact post in a different subreddit couple months ago",joy
It wouldnt. Legalization would drive consumers towards legal vendors.,anger
How is 5th starter not a question?,surprise
At no point in that ridiculous tantrum did he express a single iota of concern for what his gf wanted. He sounds like a real winner,joy
It's a shitty made shirt but if it was done well I'd wear it.,anxious
The shattered glass looks like a sassy elf,neutral
"> Skyshout overly dramatic, you think they let the paramedic shake it, or is it a Dr skill?",fear
I only remember her getting flamed by Thooorin yikes,anger
"You're my mvp for the night haha. I'll drop by there tonight, thanks!",joy
Sad but true lol,sadness
Well then just ice it (if you haven’t already) and hope for the best,joy
I must've missed them. Looking again but if you have a moment can you link it?,fear
"Ah, I see you are a man of culture, as well.",fear
"We had 3 whole pallets of this one doll and I'm like ""wtf"" so I checked and the location said 8000 something lmao.",anger
Do you think people are generally logical?,surprise
Could Unity not sue the author for giving instructions on how to illegally obtain their product?,surprise
"Has he done this with other world leaders, too? Or only [NAME]?",surprise
Thanks for not running our prospects in the Pre-Season anymore!,joy
No. Can’t get off to my own sex.,anxious
"I bet you that’s what will happen, which pisses me off.",anxious
"Because lost media presents a question with no answer. Humans are curious creatures, so presenting them with knowledge that cannot possibly be learned is extremely frustrating.",anger
Spoiler >!Loli Girl about to grow up in 2 episodes!<,fear
"Shit, they don’t go down!? That blows",neutral
Can you link in the full posted videos where they yelled about the wall ? Thanks.,surprise
We've always been at war with Eurasia what are you talking about?,surprise
"> ""Death by Inches"" Title of your sex tape!",joy
What's really sad is that [NAME] wants to outlaw gay dads. I'm literally shaking.,sadness
> ...he was afraid for his life... I see he has mastered the magic incantation.,fear
We are doomed,neutral
Yes she does! She is beautiful but has taken it much too far with the lip fillers and fake tan,neutral
I think [NAME] was being sarcastic.,anger
She has a vapid look of emptiness in the thumbnail. Like a squirrel. There really looks like there's nothing going on between her ears.,anger
[NAME] is scared out there. Didnt want the ball,anxious
Everything was flagged as adult so there wouldn't have been much left,sadness
That's Crash Chaos Cats. Same username on other networks.,neutral
Reminds me of this short.,neutral
10 steps ahead? More like 10 billion steps ahead,sadness
What about the hipster couple? Were you able to get their lawn on track?,surprise
[NAME] is nowhere close to the worst linebacker in the league.,sadness
Except for the part where [NAME] Millennial daughter is one of the big new heroes introduced in MKX...,joy
I didn't know of [NAME] before I saw that episode. I fucking love that man and have watched an unhealthy amount of him since.,anxious
"I don't think I've ever seen that flag flying in this city, we mostly just have the provincial flag and the Canada flag",neutral
Oh [NAME] how awful,anger
"Meh, it’s “next man up” over there. I’ll be worried when they stop making it to the playoffs.",anxious
"In the 50s my aunt was 6 weeks old when a flu virus caused inflammation of the heart and she died. So there's that, too.",anxious
Is there any way to force him to act? Sending more budgets or refusing to vote on anything non budget in the house etc.,surprise
Step 2. Profit dongs.,neutral
It’s comments like these that always make me question whether or not technology is a curse.,neutral
This comment killed me. RIP in pieces.,sadness
"But more importantly, who gudder... [NAME] or [NAME] + 2019 Mavs pick? (Still probably [NAME] but I don't care bcus I love [NAME])",surprise
Like [NAME] [NAME] yes but [NAME] [NAME] is super nasty. Whoever wrote the dialogue for classified needs to be fired cause it’s makes me wince,anxious
"My wife is a rams fan. I don’t like them, but I think I like them more than the patriots lol",joy
He had been so worried that the stepmom would have a hard time integrating into the family.,anxious
"You know I never thought I'd celebrate someone's death, but once she goes I'm going to have to try very hard to not enjoy it...",anxious
Beautiful song and great moment in the story,joy
Oh my goodness.....I'm sorry. It's probably gonna take a long time to cope it.....,sadness
Who on earth would label what you had an affair? You were separated. That is not an affair by any stretch.,fear
Its ridiculous.,neutral
Man I hope this is sarcasm 😂,surprise
Seeing people overtaking on the right makes me anxious.,anxious
[NAME] was injured going into that game and then ultimately left in the second half after suffering another injury,neutral
If they killed off women they’d start finding reasons to kill eachother off soon enough too.,neutral
No superbowl @ lambo for this generation; hopefully global warming will make an impact in the next 30 years. :),fear
"The more I know someone, the less I want to know someone.",neutral
"The minute I heard about this this morning, I just knew [NAME] would use it for his benefit someway, somehow... lol. :/",joy
"well there's a pretty damning set of pictures there, ace.",joy
But it'll hurt,sadness
"The first season was excellent and two was very bad, you should try three and four though",neutral
The reductionism is the only thing these feeble minds comprehend.,neutral
Sub... chill... I see what you did there...,joy
"These are good ideas, thank you so much.",joy
Now we play the waiting game.,neutral
"[NAME] continues to be my god while I continue to be banned by Swery. ^^Seriously, ^^what ^^did ^^I ^^do?",sadness
"Florence, SC?? Bc if it is I wouldn’t be surprised at all 😂",surprise
Winter depression has finally gotten to me. So damn bored even with all these bowl games on.,anxious
"omg what a nightmare, I feel for you 😞 is there any way you could order it online?",anxious
I'm afraid of having a sit down with them amd not being heard. But I might have to for my safety.,fear
Keep your chin high OP. Life ain’t always beautiful but it’s a beautiful ride.,joy
Trouser maidens 😂 omg I love it.,joy
FUCKING READ IDIOT,anger
"Such a great thing to hear. Setting aside my very immense distaste for SA, this really just makes me happy. I love our country.",joy
Unfortunately if you’re looking for game info about the Detroit Basketball team your in the wrong sub.,sadness
It worries me that there are people that miss the meaning of a subject by so much. Your critical thinking skills sadden me.,sadness
Thanks for the laugh 😂😂,joy
"Reading comprehensions not your strong suit I’m guessing, no I don’t personally believe that, just pointing out an anecdote.",anger
I’m already close to 50. It should be getting really interesting about the time I die.,joy
It is a fictional llama...how much PC do we actually need?,surprise
"I posted the picture on this sub. I'm not sure how to link on mobile, but someone else posted the link on this thread.",fear
It burns...,sadness
Keep us updated.,neutral
I love this! And I find myself thinking the exact same things. Soon...,joy
Haha I thought that was more subtle than something like HOO DINI or banana bus.,joy
I kept them and wish I hadn't. A pain to get rid of the further removed you are.,sadness
I get migraines too and I’m sooo tired the first two days of my period,sadness
You don't know what fact is?,surprise
"Now I'm wondering if [NAME] drinks, and if he's ever been inebriated during one of his deals.",surprise
"Ohthe good old lemon meme died so quickly, i mean that’s how mafia works",neutral
Hyperthyroidism? Best get into a GP and get bloodwork done because many of these symptoms cannot be explained by mental illness.,surprise
"Haha, well it sounds like its done too good of a job!",joy
*scribbles in maybe*,fear
"Okay, but your other comment didn’t even make sense. Wasn’t sure what you were complaining about",anger
"Ugh, [NAME]. Gross.",anger
"Thank you, that makes me feel better :)",joy
IM GOING TO GO BACK TO INDONESIA UNLESS YOU STOP PAYING CHILD SUPPORT YOU SHOULD BE SUPPORTING ALESS AND [NAME],anger
Wait. Do you think socialism is high tax rates?,fear
Is that [NAME],neutral
These people have absolutely no confidence in their ability to make a living. It’s pathetic.,sadness
Like wtf how is that angle 114 degrees,surprise
I didn't know that communism was a subject,fear
"Timing, most important part of a joke. The what's",fear
"*DRAINS, CLOGS, BACKED UP LOGS [NAME]!* *OH, NO, TOILET OVERFLOW [NAME]!*",sadness
"Wow, 5 downvotes in 3 minutes. Go you!",surprise
Is that the only symptoms you’ve noticed? Are you normally worried for social situation?,anxious
It took me a second to distinguish between whether it was [NAME] or [NAME]. I have officially been cursed by this subreddit.,fear
Don't worry you'll outlive them.,anxious
That opening is quite terrible tbh,sadness
"4 lives essentially, its insane",anger
Or that's just another terrible problem with the template,anger
"Sorry, I’m just so hungry right now",anxious
Cant you tell how sad she is from her face?,sadness
This is my favourite comment of the day. So because I don't like to be ripped off I should not be able to have a family?,fear
Buddy I think you may have been wooooshed..,anxious
"Only the [NAME] do so. The rest of us have been exasperated with him for months, at least.",fear
It's very hard to un-brainwash someone. Damn near impossible,fear
Yeh? It just changed on me last night after I cleared my cookies...,surprise
[NAME] is freaking adorable fight me,neutral
Change the channel during the NFC Playoffs? Hey did you ever pay that ticket? No? Just wondering....,fear
I can’t even get high anymore cause “alcoholism/addiction” .... At least I have cookies I guess.,fear
But at least you know where you stand with a restraining order. At least 1000ft away.,anxious
The same comedy bit [NAME] has disavowed because it's used almost exclusively in circumstances like this? It's an awful and weak explantation.,sadness
"I was so hyped after the zach shot, I'm still crying",sadness
"Yeah it was, it was awful, everyone got sick, I was sick for like a week after that event.",anxious
Got it about a month after and I'm already getting bored with it.,fear
Crowder is terrible... How do you lose that gunfight or not have the common sense to just run away,anxious
"Well it gets the stupid people to eat tide pods, evolution needs a helping hand after shifting in the gene pool.",neutral
I forget it all the time too.,fear
Not in this thread- but I have heard people act like it’s no big deal... don’t take reasonable precautions to prevent spreading it,fear
"My dosage was increased 2 weeks ago and I've noticed the issues getting worse. With your comment, I'm really leaning towards them being side effects.",anger
2weeks ago?,fear
"I don’t understand your question, why are you nervous if you are happy with the arrangement and he seems interested?",anxious
Why would we sign [NAME] when we already have a full time shortstop and third baseman?,fear
"wE mODiFieD eiGHT viDEo CaRds tO fIt iN A SinGLe pciE sLoT /squeak Whoops, sorry, wrong [NAME].",sadness
Mid game? I was worried it would happen to me except reverse. Hold out on this contract for another hour haha,anxious
"Men, you're ought to love the first hour in hospital of a new father. They're a merge of emotions that flow over the ER.",joy
> A good jab to the sternum is what I was taught. maybe a sharpened bat would work better?,fear
you are so welcome. I’m glad I could bring sunshine to your day.,joy
Congrats. Having a steady job (and one that I actually enjoy somewhat) is the #1 thing that helped me out with depression/anxiety.,anxious
"I'm sorry but did anybody else read the first paragraph and get flashbacks to My Immortal? \x45\x62ony [NAME], is that you???",sadness
oh my [NAME],anxious
Idk why but I feel like this should be nsfw,fear
I’m genuinely surprised that [NAME] didn’t believe [NAME] lipstick speech - like that shit genuinely moved me,sadness
It always comes down to not accepting who they are themselves so it's pretty much 100% of it.,fear
>I thought we were retiring the older guys. Because the geniuses on reddit said so?,fear
Another senseless tragedy.,anger
Simon's or the bay. [NAME] makes some merino ones that are unbelievable. They are not cheap though.,surprise
Yeah but who’s to blame when you are put into a seemingly meaningless game when all you care about is one rank. Bad system.,sadness
"jokic with a couple dumb arm fouls already, he seems a tad unsettled",anger
The woman types like she isn’t a native speaker of English. Which worries me immensely.,anxious
Can you blame us after the article?,fear
idk if you're saying that I'm shitposting or that whataboutism is shitposting. But obviously i'm not nor is calling out whataboutism shitposting.,neutral
The shading makes her face look like she has lumps under her skin.,fear
Why do you think many feminists are angry?,surprise
She had the glory of being a virgin martyr. Eternal glory is hers.,joy
You mean the best.,fear
"Yeah, even good people can become radicalized by religion",sadness
SRS is a pile of shit I have no idea how it is still existing,fear
"I felt a great disturbance in the Force, as if millions of voices suddenly cried out in terror and were suddenly silenced.",anxious
for a moment i got scared and wondered what was this doing here then i read the happy ending,anxious
My introvert ass who wants someone to cuddle but needs to recharge after 5mins of social interaction,neutral
Thanks for sharing :),joy
uh... you explore. Iv def been curious and just spent a bit jamming my fingers in there feeling it all,surprise
California cheeseburger.,neutral
*looks at YouTube comments sections* Um. I'm not so sure.,fear
Is there a university in China? Are we in 5019?,fear
This is amazing!,joy
for Inter fans because THEIR BEST PLAYER IS COMING TO CHELSEA THIS WINTER,neutral
Let's see what [NAME] thought about it...,surprise
"My best friend waited 5+ years for her boyfriend in prison to come out. Two days before coming out, he dumped her.",sadness
Mom-emotions are always heartwarming and honest but dad-emotions make me tear up. Fuck,joy
Not sure if this means solution or obtrusion.,fear
I’m a little scared of telling my parents (I’m in high school.) How do I approach them about this?,anxious
"[NAME], old friend",neutral
"I was afraid things would if we kept seeing each other, which is why I brought this up to her now rather than later.",fear
"""No"" is the complete sentence I will use for this exercise.",anger
Was this tattoo designed by [NAME]?,surprise
Oh I got one are you overweight,surprise
Thanks ! so need to try a donair sounds amazing,joy
You are aware. That in other countries this doesn’t exist right? Also a culture is something else than my boss made me do it.,surprise
"Also, this has been said half a million times but the Oilers were not picking [NAME] with that draft pick even if we didn't trade it away.",neutral
I hate how much I love it,joy
"denying and lying or walking into a minefield what ""nice"" choices @.@",surprise
Anyone have a link to the unedited footage?,surprise
I can imagine this becoming a thing if Rare/Lego can team up,surprise
> This sub looks like a rabid left-wing dumpster fire. It was bad before the election and then got far worse.,neutral
"Right? This pops up like atleast once a month, for months now. Dude needs serious therapy...",joy
Omg I just looked it up and all the places look so beautiful there 😍 also I’m sorry that it’s homophobic,joy
I don’t even like basketball that much. Chill out man,anger
A jerk to *us* because we didn't get to see either of them get face-pied. XD,anxious
So many I can’t stop ❤️❤️❤️,neutral
Its like a tiny hat. A silly itty bitty hat.,neutral
And that smilie she gave the fiancé when he sat down with the sandwich....I would be scared if I was him.,anxious
I wonder how many managers you've pissed off,surprise
This is hilarious,joy
"That’s too bad, I didn’t know that.",sadness
if it wasn't him it would be someone else she's wasting her life on,anxious
I may have got lung cancer and hiv but at least I was around when [NAME] was haha baby-boomer win!,neutral
Alright we have worn them down enough guys.,joy
"Truly a beautiful story, 11/10 :')",joy
Wait that... that doesn’t happen,anger
"Oh gosh, I'm so sorry you had to deal with that. It sounds like you handled it really well. Kids are cruel.",anxious
Also it seems like there is some possibility of the pole going backwards lol,joy
"Maybe he *did* leave the building. If you can't find him, he could've left without you knowing. Is that better or worse?",surprise
"From what im seeing. ""The democrats can stop this if they just let him build the wall. Its their fault.""",anger
"Ok, care to elaborate on what your mysterious link is?",surprise
Big OUCHIE!,anxious
I thought that type of camouflage failed horribly because the high contrast and defined shapes made the ships really stand out.,fear
I wish to find my best one.,joy
I just checked and do see a lot of posts that are not humble brags.,anger
"I bet you that’s what will happen, which pisses me off.",anxious
The crime here is using the shaker parmesan crap.,neutral
I just relapsed after a 15 day streak.,neutral
My worry is that campaign financing is complex enough that they'll be able to be sneaky about it while maintaining a good public face.,neutral
I usually do that as well. I need to make a phone call on another language and omg i can't describe to you how difficult it is.,anxious
The scorpion one on the swing set looked so bad. I think I heard her back break/crack.,sadness
Surprised they aren't already doing this kind of stuff for Zion.,surprise
It's really odd. My friend's search results are still normal but mine aren't,sadness
There is no such Thing as [NAME] or an Almighty !,fear
Yes absolutely extreme levels of anxiety reaching the sheer terror phase tbh. People have no idea what I go through,surprise
So on some scale most poor people become wealthy? That is is the statement you made.,neutral
I might be stupid but I thought [NAME] wore #16?,neutral
"Reading comprehensions not your strong suit I’m guessing, no I don’t personally believe that, just pointing out an anecdote.",anger
is this sub scared to talk about [NAME] getting arrested,anxious
I love people that will go out of their way to save a small animal from traffic. Always help the cute ones! And they're all cute!!,joy
They could not have done the same thing. Only certain things can go in a reconciliation bill.,neutral
Nothing like a little humiliation therapy to motivate the workers. /s,sadness
is that really fucking real,surprise
I find that relatable: I too am terrified of myself.,fear
Wishing death upon someone you have never met and just know from TV. Nice,joy
"You can read online if you want. I don't recommend it, but you can.",anxious
"Yeah, I really thought [NAME] would take his game to the next level coming here, not a big step back. Hopefully consistency will help him out.",joy
I actually got offered way more pay to stay but no amount of money is worth my mental health. Woot for new beginnings!,anger
"If you’re in public, I suggest you hide your concern as much as you can.",joy
Wouldn’t that have to be mutual,surprise
That [NAME] part killed me!,anger
It's a song reference. The lyrics were awkward so one of my FB friends made a meme,sadness
That was truly disgusting,anger
3 Hours of [NAME] pissing on the floor in public,anger
"Not an ulcer (canker sore), like literally a tastebud",fear
Worst in the country by far.,anger
The beetles are under rated millenials dont know what the 60s were if they listened to the beagles they world understand,sadness
Wow this is supee trashy. How did it get to front page?,surprise
> Imagine the ~~nightmare of regulation~~ flood of unregulated money these guys are up for- congrats.,joy
A lot of people call that this is only one they made her sick,anxious
I will bet you $1000 this drags on until 2020 because [NAME] is 100% the naked partisan hack he is purported to be.,neutral
"I buy VHS, DVD and Blu-ray. I have a huge collection.",neutral
scared for sure... scared of how much money we're gonna have to pay him it's gonna be all the moneys,anxious
Did people really go against [NAME] when he came out? I wasn't as in to his stuff at the time but I remember people being supportive.,anger
Does she hate the men in her family too? O.O,surprise
He might assume that most people are shoplifters like him and that you're a nuisance to society that he's exposing.,fear
Yea. I'm not to worried about it,anxious
What no one in the history of time has ever recovered from a bad first date? Hard pass on this anecdotal evidence.,surprise
If I wanted to vote I would vote Labour. Some Conservative MPs are in the wrong party.,sadness
"Im sorry but I dont get the joke, can someone explain it to me?",anxious
[NAME] blows. Be happy she’s gone,joy
Wow now I know there's a twist. Why even watch it?,anger
[NAME] will probably get something as worse as [NAME] in ep4,joy
Omg I know. She honestly looks so uncomfortable. There HAS to be someone better who could host?!,surprise
Oh I know just bantz,surprise
Lol not gonna happen. He is just in love with [NAME]. He fell in love with her when she gave him the hand of the Queen.,surprise
I wish I could’ve had that kind of relationship with my mother.,joy
why did i expect this to be anything other than what it is,fear
I have no friends.,sadness
His returns or his W2?,fear
I wish you have a best luck on your journey.,joy
My little friend says your friend is right.,neutral
So you are the only occupant in the dwelling that drives?,surprise
Oh.... We're still doing this ? Even after [NAME]?,fear
You sound scared,anxious
My point was that it’s creepy. I never said it was illegal.,anger
Yeah knew that as well but i dont know wich color is the best to use though. Is purple the best choice?,fear
He's talking about the semifinal game between Bama and Clemson which Bama won 24-6,neutral
[NAME]? Too soon?,fear
"I’m ok with this. If you were sb and bad LAG was BB, I’d also be ok with a stop-and-go.",neutral
"So glad for him, he's such a good man and deserves everything good",joy
The smell lasts a half hour so maybe don't go to the Policeman's Ball right after. Rye and rhubarb sounds pretty fucking mint though,sadness
Fat dont fail me now!!,anxious
Where'd you go tough guy? You were talking so big before. Way to downvote and move on punk.,surprise
Sorry that's a mistype. I mean equally irresponsible,sadness
"That sounds terrible! I get hay fever some years, I also have eczema and anxiety, all at once sounds like pure hell.",anxious
Been off since November 29th. I would rather be working and making money. Home gets boring,anxious
"Dual income and continuous monogamous sex. If the sex stops before 60 I'm out, I'm not going to be one of those /r/deadbedrooms losers.",neutral
Would you move your car if told not to drive?,surprise
How do people eat off paper plates when they’re not at a bbq?!,fear
Definitely not. It would be so boring to have no chance year after year.,anger
You contradicted yourself,joy
Yeah but how is that even possible if 99% of girls who are out are with friends? That’s pretty intimidating,anxious
In Canada you should probably be more worried about moose than bears,neutral
And offensively boring!,sadness
Worried it will be taken off the table?,anxious
Very scary.,fear
"Your desperate attempts to pretend that this is nothing are...really weird, to be totally honest.",sadness
Rec and Red just need to die as teams. Fucking joke of a performance here considering how much funding they are both getting.,surprise
"Oh yah for sure, I am on that page dude. I thought that’s what you meant.",joy
"For a [NAME] [NAME], PKK are oppressive socialists whose ideas belongs to previous century and are destructive and murderous.",anger
Hell yeah buddy things are looking up.,anger
Um....Yes? I would love it if everyone didn't believe in [NAME].,joy
I've been working in engineering jobs for years and I'm not licensed. I don't think most of my former classmates got their license either.,surprise
ehhhh I don't think so. iirc [NAME] was responsible for that Russian embargo and he's the reason why AKs are so expensive now.,joy
"I mean, he did believe in a clearly terrible [NAME]",neutral
What is that exactly?,fear
Sorry its such a long post guys,sadness
what a cruelly poetic fact,surprise
"This hits hard, sadly both of my relationships have been toxic so I've decided not to start any new ones until I start going to uni",sadness
Leafs would have won this game if it wasn’t for that bullshit overturn.,joy
Yeah I tried it the best was just 100% scale.,surprise
I didnt even recognize [NAME]!!!,surprise
"Suddenly, I was awake.",surprise
Acne scars unfortunately and also out of anxiety I tend to pick at my skin.,anxious
DID YOU KNOW THAT CASHEWS COME FROM A FRUIT!?!?,surprise
Was almost hit by some idiot yesterday that drove straight through a red light and into a crossing.,anger
That explains why the dude in the back reacts the way he does... thank you!,joy
I think they might be! I'll let her know - thank you :),joy
"Come on [NAME], time to step up",neutral
Duuuude you are double trouble! It's you're* cmon man have some mercy on yourself,anxious
When was this? Is it in opposition to the coup?,fear
I will never understand why streaming is entertaining.,surprise
Extremely relatable.,joy
Idk how to use any.... the 5th one looks scary,fear
It's like watching her do it an infinite amount of times with her saying to herself: what am I doing wrong?,fear
I appreciate that. :),joy
"Don’t worry, [NAME] already added it to his collection.",anxious
[NAME] can’t space and [NAME] is getting worse defensively,anger
Maga hat is a symbol of hate and should be treated as such.,neutral
Imagine being scared of a black bear,anxious
I would guess from multiple communities if they are trying to win the war against the other group,anxious
Does anyone notice how his voice always changes when he’s trying to be cute and charming.,neutral
Willing to get with someone manipulative and knowing this just to get some ass. Seen that a lot.,fear
Time for a courageous conversation!,joy
"That is embarrassing, but at least they know you're not lying about the cause!",sadness
Worst ending ever! I won't spoil it but this one sucked worse than the avengers last movie!,sadness
The mango pods I purchased in New Zealand gave me a crazy headache but other flavours did not.,fear
I was thinking the same thing as well. Glad to know I'm on the right page.,joy
Brave would be the movie you’re looking for,surprise
As a Broncos fan living in KC. GO COLTS!!!,neutral
Fuck I’m sitting in position 3 right now,anxious
She’s happy she’s taking half of amazon.. [NAME] said [NAME] was a cheater.. win win I guess...,joy
I'd be more worried about the kids needing eye protection at that point.,anxious
"> To say NDP foreign policy consistently supports non-interventionism is absurd Um, [NAME], OP never said that. He only referred to this one specific situation.",neutral
Yikes. That sounds terrible 😢,anger
People still do? I thought everyone realized how overpaid he is,fear
"This is me all the time, a mixture of anxiety and dread.",anxious
"Wow, that was really terrible 😂 -ps, I have two really good friends who think this guy has deep wisdom 😭",fear
He could be spooked off by the camera crew?,surprise
Yeah the non guarenteed packs are really the worst. I think I did 2/20 on those.,anger
this aint it chief,anger
"Hey, you sound like you're living my exact life. It's a good life. Enjoy sharing the love.",joy
And they let you run money making missions while playing in a solo server? I don’t remember this from gta.,surprise
[NAME] is scared out there. Didnt want the ball,anxious
More importantly the car shouldn’t have run him over but yeah I guess you’re right.,sadness
"Meh, whenever I travel with someone who can't walk fast, I just wait for the next train.",anger
Not yet! But I waiting for a miracle any year now!!,surprise
It's extremely common. Hell you probably have it yourself and just don't know.,surprise
Wait. Is this a parenting book with a typo? Because this seems to be a great approach to use with a toddler.,fear
"But tbh, i dont think i am disgusting, but my feet still get smelly after a while",anger
"[NAME] is a sensitive topic for me, so when she is brought up, sometimes I just go on a little tangent. My apologies.",sadness
"Yeah, Inbox didn't have those so I forgot all about it until they killed it.",anxious
Protecting the border is self-defense. It's not really a selfish thing to do.,fear
"Actually probably trust issues, but thought people here would enjoy it.",fear
When that intro drops I get so into it and scare my cat,fear
"Yeah, because not paying a bill on time is equal to murdering children.",sadness
The situation never should’ve gotten to that point.,sadness
"My problem was that Flashpoint ended in 1 episode, when it could've been an entire arc",sadness
Can't believe he took the time to count that. They both seem a bit obssesed.,fear
"That sounds awful )-: I'm so grateful that my parents and therapist want to let me figure this out with minimal ""supervision""",joy
They've provided plenty of evidence that you have only supported so far.,joy
Is this something from [NAME]?,surprise
He is just awful enough to do something like that.,anger
I’d be afraid to get high after that yo,anxious
Whooo!! She waited... then paused the. Went in!! Oooooohhhh the shade!!!!!,surprise
I was tripping balls my first time.,anxious
"Yes dumbest person on all of Reddit, please make a youtube channel for all of us to laugh at.",joy
"Salt lake, Utah. No joke, Utah has the highest rate of plastic surgery than anywhere else in the US.",joy
"I just want to shake her by her shoulders and be like ""*Why are you like this?!*""",surprise
I have a 4 inch penus and $27. Do I win?,fear
Don’t I know it! I can’t believe this breading station thing is so enormous.,surprise
Uh . . . Uh . . . I'm not feeling so well.,anxious
Yep. I’m an introvert with a big group of friends. I get tired even after spending just an hour with friends sometimes.,sadness
"She always says the most basic things""wow he hit him"" and her lisp is pretty annoying.",joy
"Really? wow. I just reinstalled chrome from scratch, again. So it was Ghostery that caused the full screen issues?",sadness
Good to know you have such a strong opinion on someone you dont know or a situation you know nothing about. Good on you for being so arrogant.,joy
take it easy,neutral
I'll be shocked if humanity makes it to 2100. But yeah. It's a miracle I'm alive since I had the toe on the trigger.,surprise
Look how pretty she is. YES QUEEN YESSSSSSS,joy
"If they declare it, its not a bribe its a political donation... In theory.",neutral
I had 175/1 back in March. About to go to Vegas again and it will be disappointing to only get 12/1 this time.,sadness
"I know. Honestly, I'm applying to other districts. Tired of 56 miles round trip daily for a miserable job.",anxious
"Excuse me, but define what a ""good world"" is",anger
"It's a self-identifying group, and they have killed quite a bit of people in their crusade for revenge. It's both absolutely pathetic and absolutely terrifying.",anger
"I have no idea who those people are, but I've heard their names a lot.",fear
Wouldn't you think it's better to just show up earlier?,anger
All of troomtroom videos on YouTube are this odd and unnecessary. Some even more so. And their thumbnails are interesting,surprise
She was eating gates BBQ at one point. KANSAS CITY PRIDE,neutral
I’m so nervous!,anxious
what is cringe about this?,sadness
The food you are putting in your mouth is causing obesity. Stop abusing it. A higher body weight is the cause of your increased risk of ILLNESSES,joy
It’s like you guys actually **want** a dictator.,anger
I'm just now realizing that I married a covert narc.,fear
I'm appalled that your roommate straight up destroyed perfectly good leftovers that way,anger
Are there any Veracruz fans in the sub?,surprise
She's a terrible debater.,anger
How incredibly dangerous,fear
Could or couldn't?,fear
I'm with the photo guy. It would be an awful feeling to watch your date flirt with some other dude ON YOUR DATE.,anger
"It's a difficult one really, because some customers would probably be offended if he said ""your husband or wife"".",anxious
I'd make that trade and I don't even like big macs.,anger
I'm glad you have someone to help you out! Perhaps over time you'll find it easier.,joy
[NAME] in Congress are fine with with beefing up Border Patrol but [NAME] wants his goddamn wall.,neutral
Why did you think the BP script was better than Spiderverses?,neutral
"Just in case you weren’t sure he’s an [NAME], he decided to obstruct 20% of his windshield to remind you.",neutral
"Help, I'm scared and want to go back.",anxious
Thank you for sharing this. May your friend rest easy and you find peace.,joy
Is there a sub reddit for targeted memes like this?,surprise
Starting 2019 with a bang......of death.....,sadness
thanks! nothing else?,joy
"I mean, OP is consenting and asking for it, it's better to let them be",neutral
This is me and my wife. She squeals with delight whenever it snows and I start looking for property in Arizona.,anger
I am trying so hard right now! LOL!,joy
you get an upvote for that username! I wish I was a funhammer,neutral
"Honestly, I'm just happy I got traded to you guys, rather than a team like the Leafs or H*bs",joy
As it should be. Great.,joy
You’ll love r/2healthbars,joy
"> But my god, that fucking face. Never mind her, what about him further down.",anger
"Lucky, when I did it my nickname ended up being [NAME]",sadness
Well someone took Freaky Friday to #10...,anger
Keep lookin Honey,neutral
Oh look what you did! Now I have to go and get my cold cream gun.,neutral
That edge just got fire polished.,joy
Oh my [NAME]...,neutral
damn i’d love a transboy to be my prince charming,joy
When I was in Uni I worked in a call centre. Pay was better than retail but it was worse on the soul.,sadness
Did you kill the shark to get the shark teeth for your necklace yourself or was it premade? Thanks [NAME]!,joy
"Looks like they’ll need to head to Turkey next, considering religious [NAME] love their “grave worshipping” The irony is rich",neutral
Then when you dropped them that was it for youth group cred for the night. Lol,joy
Or because Utah does.,fear
Everyone else's obsession sounds useful... I get obsessed with certain actors.,joy
"For us to be able to do that now, they would proably make us pay for it.",anxious
Ah got it. Sounds like most CW shows (Smallville)..thanks for the heads up :),joy
I’d say probably not,neutral
*6 objectively [NAME] and [NAME] are terrible at their jobs.,fear
same but with panic at the disco,anxious
Only children are scared to take trains by themselves ...oh wait.,anxious
I don't remember being able to hear in those situations. I think...,fear
A complete lack of self-reflection is a prerequisite for being a [NAME] supporter.,sadness
Macaroni and cheese Beans Bacon Grits Hash browns Maple syrup Imported Tim's coffee Poutine Hawaiian pizza Beaver tail Ketchup and all dressed chips Nanaimo bars Whiskey Craft beer,sadness
"I agreed with your first point and then stated a statistic. My bad, awkward wording on my part.😢",sadness
Pls shut up,anger
"You're not missing anything, don't worry about it.",joy
"I was so distracted by a her piercings, I almost missed her *eye*....",surprise
No sorry still looking,sadness
The real tips are always in the comments :D,fear
Please treat me with modern medicine. I have gastroparisis.,anxious
"Oh man, there isn't enough popcorn to enjoy this.",anxious
"The patriarchy is who set the gender roles, which influence the standards for beauty for each gender, what are you not getting?",fear
there is a difference between being a good villain and being insufferable. He has passed that line a few too many times for my liking,joy
"Oh yeah, it's really dehumanizing to have respect for people's private property and not steal it from them whenever we feel like it...",neutral
"No problem here, as long as neither one of you are the asshole.",anger
"You are the type of fellow that puts mommy in the cheap home and cashes her cheques, loyalty of a snake.",anger
I've always wondered how much of this stuff doesn't end up on the internet,surprise
"I'm 58, my 40 year wife is 59, and my handfasted wife is 64. I'm so in love with both of them!",joy
That sucks I'm sorry. Ive always been dismayed at how flippant people are.,sadness
What the fuck is [NAME] doing in the background,anger
You think this really happened?,surprise
I mean adding a bit of avocado to a pesto dish sounds good but this seems like a yikes,joy
"That sounds like it was an absolute nightmare, I'm sorry you had to go through that, anesthetic failing is a horrifying experience.",fear
The old driving range?,fear
This was not on night sight Not OP but also used Pixel 3 to take similar picture from springs with binoculars carefully in line with camera,anger
"Sorry, it’s just my absolute favorite thing",sadness
I like how the last picture is of [NAME] beaming smile and not even so much about the tattoo at all.,joy
"Did not expect to be over here shouting in agreement with [NAME], yet here we are!",anger
This is repulsive what the fuck is wrong with places like this. It does have an element of hilarity tho,anger
"watching [NAME] attempt hook shots gives me a panic attack, even when he makes them (which is rare)",anxious
"Worth a try to report the bus number, the route and the time to PTV to see if he can get them back. Best of luck!",joy
I'd guess if they could do a basic blood panel (chem-7?) that would be a billion dollar idea.,fear
"What do you mean by ""free game""? Are you under the assumption that the Executive branch can dictate appropriations?",neutral
"Nah, only [NAME] are cool for being bilingual.",joy
Same.. If I'm particularly stressed out someone just walking down the same road as me feels like they're invading my space.,anxious
Talk to a psychologist. Sorry but they can help if you think you have a problem,sadness
"You mean *colloquia?*? You guessed wrong, it's my third language.",surprise
Yeah that's what I meant but I wrote it stupidly. Did you start with really low weight? Like really low?,anger
"I'm a bit late. What's the ""AAAAAH FUCKING WATER"" reference?",fear
Omgggg i’m dying at Stassi. She looks like she was going for a jersey shore look. Shes still gorgeous though,joy
Great article. Thanks for posting,joy
"[NAME] won't think they are bad shots cuz they are open threes. Unfortunately, we cannot hit them consistently.",neutral
Resist it! You can be strong. Block him! Then do something nice for yourself,joy
"Guys should also know that not every woman is a size queen. Average doesn't mean substandard, average means just right.",neutral
> or just explore the zones to grab quests. Sounds like a terrible reward for exploration,fear
"If that really meet to comfort us, guess who has to foot he bill...",surprise
Ah. Will to Power vs The World as Will and Representation. My googling got me so close yet so far.,neutral
If yous got a problem with Canadian Gooses than you’ve got a problem with me and i suggest you let that one marinate,neutral
"You offered her the wrong ""services"" /s (obviously I hope)",sadness
It’s a facepalm just for the wrong reason,sadness
Imperial is already messy and hard to understand,sadness
Do your research. Not going to engage in conversation with you any longer. Put your Nintendo away and educate yourself.,anger
This is almost worse than Santa Con. Can we get millenials to destroy this please.,anger
Oh interesting. I must have got in a while ago.,fear
"The current situation is one of cronyism, it doesn't represent a few market, which has other tools to deal with such things.",anger
Fascinating! Thanks for the info!,joy
Hurt his ankle but he’s okay apparently,neutral
It's ok I still have no idea how to add,fear
Yeah it's like there's no difference between a prostitute or a girl they date except that one is free and has less diseases.,anger
Lolz yeah you got me for sure. That's another huge reason.,neutral
Don’t link the technical definition of terms if you don’t want people to apply it. Enjoy your New Year.,neutral
When you’re having a dream and the psycho is coming for you but you can’t move...,anxious
I’d burn my hand for nothing if it meant keeping my family alive and safe.,anger
That sucks. But you can find another SO. You can't unhave a kid.,sadness
Did someone say [NAME] I love or hate her but I love her don’t @ me,fear
"Poor cat got his ass kicked by a crab, rope and broom.",sadness
I was also bullied at work. I was on lithium for a while. You're not alone.,anger
"Oh, I felt that despondency at the end there. Poor guy.",anxious
lolt wut i have no clue but that sounds like something that would happen in germany,neutral
Not delusional at all imo,neutral
"Game still ""fun"" if you don't tryhard and play on QM but some people are trolling on other mode and that's Can be hard for nerv.",neutral
I'm sorry for what happened to you. I guess you were sending mixed signals all the time.,sadness
He downloaded Wealthify,neutral
Maybe slw the fuck down eh,anger
"I mean, you're the one rationalizing for what essentially amounts to a presidential dictatorship.",anger
"What am I missing here? It's a noun, so no past tense?",anxious
did he just hecking kill [NAME],surprise
This is interesting. You want to share experiences with her but not necessarily have sex with her?,surprise
this take can get the fuck out. that bulge is sacred,fear
Where is the discusting from?,surprise
"It helps a bunch. Much less strain on the GPU, not sure the exact numbers behind it but it gives my friend ≈40 more frames",fear
> Just because you're white doesn't mean you should try to speak for white people. That's the joke™,joy
I’m embarrassed how long it took for me to figure this out. 🤦🏼‍♀️,sadness
yes!!! Once I realized my body wasn't wanting as much food i put my self on intermittent fasting and i love it,fear
(insert [NAME] meme) THEFT?!,surprise
"As an Aaron Jones owner, I did hate [NAME]. Lol but I’d still like the hire and just pray he becomes more innovative.",joy
[NAME] made boobi beautiful,joy
WTH? Just horrible.,sadness
"It's great! And it's his own choice, you don't force him.",joy
How do I know the 2009 picture is the same location as the 2019 picture? Edit: wrong year,joy
"Makes me glad I'm almost 50, and all this is stuff I will never ever experience, and frankly can hardly fathom.",joy
I don't make a habit of looking at people's profiles over a simple comment. Tell me what I'm supposed to see from your post history.,neutral
I am an atheist and the idea of a god makes me disgusted and angry so I prefer not to be religious,anger
I'm so bad playing solo! I guess I need people to help me improve.,sadness
[NAME] that is frightening...,fear
"Sorry guys, accidentally sold 10,000k",sadness
He actually looks pretty crackin',joy
If you’ve ever been to Hawick you’ll see why: there’s nothing else to do there but roll around in mud,neutral
Bingo - using market cap as your yardstick is as stupid as using GDP as a yardstick. One metric is never enough to capture a picture.,anger
I’m excited AF. First holiday in four years. Totally cannot afford it but that’s future [NAME] problem.,joy
are you a genji main cause i feel the same way,surprise
Scars do not fade after 2 weeks. Its gonna take a few months. I've got some nasty scars too girl I feel your pain,fear
I’m not going to be a scared wizard and call him he who must not be named,anxious
"Constitution don't work that way. Burden is always on the Crown, defendant is always presumed innocent. This won't survive the first challenge.",anger
Thank you!! Every time I see someone say “with one exception” I’m like nooo! It’s a song too!!,joy
That's disgusting. Apt.,anger
Learning to read was the worst mistake of my life,anger
You and your lovable band of losers have already lost!,sadness
Extremely painful to watch,sadness
And KAT with 6. Weird game.,sadness
In fact the South side of Chicago is the baddest part of town,sadness
"I can't imagine who IS, the whole thing is so cringe.",fear
"I will then be singing ""The hills are alive with the sound of music.""",neutral
"Post saved! That looks like a great exercise to try, thank you.",joy
Too bad that's not the case. I'm happy I'll one day die.,anger
"I thought it described me perfectly well, almost scary accurate so I personally believe in it. At least for INTP.",anxious
That would increase [NAME] political power inside Turkey even more. Especially when he is getting weaker because of economic distress and refugee problem,fear
I know. My question was if they **used** to compete in T5-TTT2.,surprise
"Almost heaven, West Virginia!",joy
Ive done this to a couple of people. It makes me feel really pleased with myself. Just riding in circles around people.,joy
"The only term I really use is “sis” for effect, imo referring to a guy as “she/her” is a little weird to me",anxious
"Don't debate is probably the worst advice one can give. It's like saying: ""obey blindly. Don't question us.""",anger
"I know, it got all in the poor woman’s hair!",sadness
wanna high key low key high key slide into [NAME] DMs even though I'm literally distraught at him and [NAME] separating,joy
Damn [NAME] is low key the boi,sadness
What is with the pet worship? Should be more worried about your elderly relatives.,anxious
"Honestly at this point they need to do that or adjust [NAME] 3d model. The command grabs literally go thru opponents constantly, it looks weird as hell",anger
Did she do it yet? I refuse to look.,surprise
Time to do a little of your own research now.,fear
Is that really a thing?,surprise
"In this case, I don't see a problem. OP's post can stay.",fear
Omg this is repulsive,anger
And your folks thought that that Liberal Arts education would be worthless!,joy
Time to cut him off. Or find a way to get him good help. Cause he sounds a little dangerous.,anger
#HUH!? WHAT? WHY? HOW? I HAVE SO MANY QUESTIONS!,surprise
"At some point you just gotta say, that’s impressive. This isn’t that point.",fear
“Start caring about Reddit downvotes” has to be the weirdest life advice I’ve received in years.,anger
I don't remember if I've entered,fear
Oh same! But with [NAME]!,surprise
"Nice, I like it. A truly unusual pairing.",joy
at first I thought this was a JWong diss thread lol,joy
"I fucking change my mind, something wonderful has happened! Please don't make me go dead, tomorrow.",anxious
An especially large comfortable shirty [NAME] wear. It's annoying though because people get jealous of how comfy you are so they climb in your shirt.,fear
What do you mean?,neutral
*Hey just noticed..* it's your **5th Cakeday** gum_sticks! ^(hug),fear
I am practicing an speech for tonight when he drops by to see my dad. I am every level of nervous.,anxious
Oh my gawd. WHAT?,surprise
Yes I love that show! I need to watch the last episodes now that I think of it,joy
It probably won’t affect it at all other than you might have more energy.,neutral
"No. Hell no. It's ""anxiety"". When needed for medical notes and such my doctor will also write anxiety.",anxious
"See [NAME] this is the problem, I don’t know if you’re talking about cutting people in half or halving the population",fear
> no child should go without needed medical care. Or adult.,joy
~~24 hours is for an adult. Adults can get lost but they have means to come back home if they are just lost~~ Edit: forgive my ignorance,sadness
Just watching this happen upsets me ~_~,sadness
I'm so sorry. Hang in there.,sadness
Nice job censoring u/alexneverafter right there,joy
"According to the filmmakers, it was the same Brachiosaurus that awed the characters in the first movie. ;_;",surprise
Gee that sure is a strange way to spell [NAME].,anxious
UGH those two championship games - so many highs and lows then the ultimate high @ the end,joy
[NAME] does not deserve to be with [NAME] just to be cleared. She forced herself and kissed him to prevent him from going to Zero Two.,anger
Goddamned masterpiece.,neutral
I remember when I started showering every day as a kid. Everyone's first thought was I had a girlfriend.,fear
"Didn’t know if you knew, so I was just trying to give context to your statement. Sorry.",sadness
I was already over the edge with [NAME]. Just showing my disdain for two terrible individuals.,sadness
Fuck i know. I'm so worried for girls like me growing up now.,anxious
You're really just having a field day today huh?,neutral
"Damn, 14 year olds in 2019 are bigger shits than I was when I was 14.",anger
":o I have one too! I didn't get anything but bullied at school, though.",sadness
"Oh man, okay yeah i was wrong, thank you for correcting me",joy
Also the fishing has been terrible for a month now. I am about to take the 5 story jump my friends.,anxious
"Yeah, I was thinking my boy was into them before that. But I doubt Panic! At the Disco would have peaked his interest.",anxious
"Ugh I live in WA state and now I'm scared I'm going to get measles even though I'm vaccinated, I hate anti-vaxxers",anxious
They could not have done the same thing. Only certain things can go in a reconciliation bill.,neutral
Why aren’t we putting guys in for garbage time?,surprise
Oh shit right. I forgot about that wonderfully horrible fact haha.,joy
It's not the best hockey but the boys have regrouped nicely after that horrible game in Edmonton,fear
Should have grabbed her and called the police for property destruction,neutral
"I am from Darwin, and can NOT confirm that ""Darwin has a surprisingly high amount of good looking women"" Must be hanging around the wrong places",surprise
3 weeks or so' away from her kid for some 'alone time'? I feel sorry for that kid.,sadness
I would love to know why you think it's awful advice!,surprise
Then why isn't he the one wanding people?,surprise
That was [NAME] not Slacked.,neutral
"Yeah, sorry for that one. Some opportunities are too good to pass up.",sadness
i already gave away too much of the secret it's relevant save yourself before its too late,neutral
My score per minute is terrible because I only snipe so asking the wrong person. Sorry dude,anxious
Man I love this team. No I hate this team. No I love this team!,joy
YES! I can't recommend this TED Talk enough and I think it's really disappointing that many portions of the left have caved in to anti-nuclear hysteria.,anger
"I got bad news for ya'll. I picked Chargers, Colts, Saints, and Cowboys to win. So Eagles might be winning :/",sadness
"That, the fact that the photo was taken on someone's phone and the fact they couldn't be arsed to crop it properly...",neutral
"Hahaha, ok. I was worried there for a second....",anxious
"What is it called? ""People online voicing their opinions and making jokes about the hilarious bs we do"".",surprise
Watch the [NAME] fanbois raging on the thread.,neutral
Is there any way you and your partner could borrow more money for college and live on/near campus?,fear
I will not being awkward if I am being myself but I just scared,anxious
"sorry I dont understand, I dont keep up with celebrity gossip, was [NAME] involved in something [NAME] related?",sadness
"[NAME] damn it, dude. Are you trying to ensure every gun owner in PA votes red? Because that's how you do that.",surprise
I get migraines too and I’m sooo tired the first two days of my period,anxious
So the [NAME] invading an even whiter Westeros full of [NAME]?,surprise
In the letter I told her she was disrespectful and that we will not ask her to housesit again.,anger
I would if possible but we are a flexible bunch.,fear
"Well, yeah, it's a climate target. Climate targets are made for missing.",sadness
it's so funny how the mods in that sub behave in comparison to the mods in this sub,anger
And they lived happily ever after.,joy
Wouldn’t surprise me honestly,sadness
My kind of man,joy
Thats one way to make political and economic instability sound super fun,joy
You're most welcome!,joy
And spending extravagant amounts on campaigning to impress the poor fools with the money that could have been used to improve their lives.,fear
"Fuck that, take some actual gold, bruh.",anger
Really should be twenty three year olds.,surprise
You know I’ve always wondered what this song was about. Thank you.,fear
Wee bit touchy..,sadness
Adulthood and the real world are blaming poor people and working class people for their problems. Got it.,anger
"There is a revenge story in JNMIL about DIL getting back at MIL involving ground meat. Yes, that MIL sabotage her BC too",fear
Completely miss-wired! I never thought a kid can grow up miss-wired.,sadness
Throwback to [NAME] tweeting about how bad it was that [NAME] was in a punk band in college,sadness
"True, and so sad to see. Somewhere along the way, the governing of a country my mutual consensus turned into a national sport with 2 teams.",sadness
"Mediocrity? We were just in the nfc chamionship game. As far as NFL franchises go, the Vikings are far from mediocre",surprise
Why does [NAME] have extra nipples on his arms?,surprise
[NAME] is a moron. Why take the ball away from your best player and give arguably the best RB in the nation the chance to run it out.,surprise
LE FUCK IM LE OLD!!!!,sadness
"Trust me, all is sometimes lost.",sadness
What about Dallas and Austin?,neutral
Let me know how that spicy coco turns out please!!!,surprise
HAS THE WHOLE WORLD GONE CRAZY‽ AM I THE ONLY ONE WHO GIVES A SHIT ABOUT THE RULES‽ MARK IT ZERO!,anger
"But California (with strict, sensible gun",fear
"Eeeee busted, I couldn’t help myself hehe.",sadness
Uhh have they really concreted those phone boxes shut?,fear
I would also have all this issues if I looked myself in the mirror dressing like that,fear
"Just googled this, apparently it's like cutting off a human's fingers down to the knuckle..... Your brother's girlfriend is a scumbag.",sadness
um what. no. not hmc.,neutral
You're mistaking a poor character for MC.,sadness
"Time consuming too, but buying a box that size outright is stupidly expensive—even if you order a bundle of 25 at a time.",anger
Did either of those places declare independence out of the blue? No.,surprise
There are Cubs fans that died at 95 without ever having seen their favorite team win a title. At what point is the LOILTY worth it?,anger
"Block the number, avoid your parents, and cut the toxic people out of your life.",joy
"The EU's 'red lines' are in treaty and legislation. The UK's red lines are just May's opinions, they could disappear in two minutes.",anxious
Slathered in blue cheese. [NAME] is so jealous.,joy
"Someone here is in denial, and it ain’t the daugther.",surprise
"I love that in this example the Soviet Union was communist when they were fighting [NAME], but somehow not communist when [NAME] was killing... like everyone.",joy
There are no male versions of feminists. Men live in a different social reality than women.,anger
I mean I feel like some people lose it more drastically than others.,fear
Totally zero bias at all as we know feminist scholars aren't bias and always correct no matter what.,fear
Because she was sarcastic since we met her. It's not that hard you know?,fear
LMFAO! Thank you but I was inquiring about the OTHER one.,joy
I wouldn’t recommend expensive brands in this subreddit. People get irrationally angry and condescending.,anger
I need to keep that one in my back pocket,fear
"Oh damn, I was thinking like what kind of monster doing this",anger
Yeah let’s sit this one out.,neutral
"No thanks, he’s already been flushed",neutral
This team will never win another super bowl with the current coaching staff. That’s my leveled emotional viewpoint,anger
I love my Arabian but I have found the golden turkmen to be my more go to horse.,joy
Sounds hella aggressive. You can say the same thing while being nicer about it.,joy
Too bad it's the wrong kind of blows!!!,sadness
Thanks I will consider that :),joy
Gonna give up your best friend for a g huh? I'm glad we aren't friends.,sadness
Sure but its exclusion isn't some big travesty,anger
The “figuring it out” part seems really hard,anxious
Okay then. Please remind me again why the lack of support is death threats in my PMs.,anxious
Why else? Seems that it is just lack of imagination on your part.,anger
Imagine being scared of a black bear,anxious
"I understand that there are issues. However, if someone chose to stay away from Perth due to the violent behaviour then where would they go on holiday?",anxious
[NAME] to me will forever be proof that the true dangerous people are not the ones telling lies but rather the people that believe them.,neutral
HOW DOES ONE CONTACT [NAME] TO PRESENT THEIR FIRSTBORN FOR ONE?!?!?!,surprise
"Okay idiot, well it seems right wingers can't tell the difference between strawman and reality then. Thanks for confirming it douchebag.",joy
Umm how about “Sorry I tried to kidnap our son.” He could start there.,anger
>[NAME] Why? I'm curious what you're thinking.,surprise
I didn't even know this existed! Thank you kindly!!,joy
Upvote for [NAME] by far my favorite player of all time. [NAME] has a top 10 hits just for himself gotta love the best part of hockey,neutral
"Jitter mod SG12 has been a thing for awhile now, it's a wonder you're just now seeing it.",surprise
"You're analogies are terrible and prove the opposite of what you were arguing, numb skull 😂",fear
We’ve been watching OP for awhile and warned him about his posts. This one doesn’t rise to the level we warned him about.,neutral
i wear all black. always. i died when we launched la boulange pastries. pink shirt of shame.,sadness
"Interesting that the starters are out there in a blowout on the first night of a back to back, [NAME] must be trying to send a message to them",neutral
Here in the UK I’m pretty sure I’ve never seen a taco,fear
Does us releasing him not affect this number at all?,fear
"Damn I got a notif from a (very cute) friend saying ""no u"" on Discord right before I saw this",anger
The look on her face when she lies is like one I’d expect on a 6 year old who thinks he’s being cute.,fear
Tough scene for [NAME],neutral
[NAME]: I have a plan. Me: You’ve always got a damn plan ̶D̶u̶t̶c̶h̶ [NAME].,anger
I like how u/FThumb is pissed that this got linked like the bros don’t ever brigade other subs,joy
"Yeah, your dopamine receptors are going back to normal.",sadness
What does FPTP have to do with the referendum?,surprise
"I would feel similarly, but I would be more gleeful and less guilty.",anxious
"Yeah i miss lectures for this exact reason. Its pretty bad, but what can ya do :/",anxious
[NAME] damn I love Coops,joy
Damn I wish there was such a service here.,joy
RemindMe! 2 months,fear
"Oh wow, [NAME], owchie [NAME], [NAME] to pick one",joy
One of my favorite films. I got to see a screening with a live soundtrack conducted by [NAME]. There were tears in my eyes!,sadness
"He's ancient. If elected, he'll be 79 in 2020. I like him but that worries me.",anxious
Ooohh... [NAME] wouldn't like that!!,anger
That water looks like it has alligators in it.,fear
"Examples of useless government entities, little buddy.",sadness
"Correct, there is no such law that obligates a woman to make her body available to gestate a fetus for someone else's convenience or amusement.",joy
"I mean, if A video pops up of [NAME] pissing on underage girls, nah, I’m not gonna still be a fan.",anger
"...oh goddamn it, that's in my sales territory.",surprise
Wasn't that just a mass shooting? Or am I thinking of another college massacre?,surprise
"The one thing I worry about is that the 9-5 ""window"" is keeping employers from demanding workers be on-call 24/7.",anxious
SHE MAKES ME CRINGE :(,anger
0 <----- This is how many people were surprised,surprise
"How to PRETEND to have ice powers? Wikihow, *do you think this is a fucking game?!*",surprise
So the [NAME] invading an even whiter Westeros full of [NAME]?,surprise
I'll have to think about that one but maybe if you're down😂,joy
Having no position is in itself a position. I'm not sure which party is more likely to split right now.,fear
"[NAME] why do they keep adding words to facist. Neofascist, cryptofascist, snowfascist. It's so dumb.",sadness
Thermal shock has GOT to be some indie bands name,neutral
"Talk is cheap, let’s see it on the court. [NAME] has been an awful offensive player this season & awful is kind.",anger
this comment made me very nervous,anxious
"Psst...If no one sees you while eating it, you didn't actually eat it",sadness
"Then tell me what he's doing, instead of being a racist hypocrite.",neutral
The way colt talks in that weird calm voice is like a psychopath. I hate it. It’s so condescending and creepy.,anger
Can a mediocre bot invent Facebook?,surprise
Best year of my life tbh,joy
I love people watching from the balcony here,joy
A new study just came out from China that it's actually too late.,anger
I told their kid that it was okay to be upset. (He was anxious and I was validating his feelings.),anxious
"Ah, didn't read the comment that way, my bad",sadness
Just why? No one is going to want to eat their food out of it and placing something on it is pointless,neutral
Oh my [NAME] I forgot about that movie,surprise
Thanks now I’m insecure again,anxious
When was this? Is it in opposition to the coup?,fear
It's weird. You might be right to worry.,anxious
I'm scared to do these cuz the S.A.G.E. told me I was a transvestite,anxious
I know one time I mixed stuff up and posted the slashes instead of the asterisks to italicize. Oops.,sadness
Which episode was this?,surprise
"Yas! Mom was done talking, wasn't she.",surprise
> Think before you speak The amount of times you should have take that advice beggars belief.,joy
I agree with you. [NAME] would be awesome here.,joy
if they that lame then disprove them mate.,anger
All I'll say is when I can smell it walking down the street it makes me very jealous.,anxious
Tell me when you find out how to bowser-wobble,surprise
out of everyone why AC?,surprise
"If you want nuance, deep thought and constructive dialogue maybe try a topic not as asinine as the cultural value of a reality TV star 😂",joy
That’s rude af. Slay him with your words. Give him every insult in the book then say bye bye,anger
He was transgender or wanted to be as well. Super rare case in a few ways.,surprise
Until he leaves for the Lakers and we’re right back in the same spot in two years after not winning shit,sadness
I use one every time I park and you just replied to me. so this is a bit awkward.,anxious
a weird way to spell Boys Don’t Turbo Grafx 16,anger
"I was kinda just silent the whole time, we haven't spoken since.",anxious
Reminds me of Stampy,neutral
"except this isn’t true, we know this because other cities do the same thing and see no significant decrease in sales",fear
Hey guys. Just made some dinner. Came to see the game and check ohhhhh my god.,surprise
5 months until parole,fear
"Good job, white truck! Don't use the damn shoulder to pass!",anger
What a brave man.,joy
He looks like he smells of cheese,fear
A little disturbing that this person knows the names of Auschwitz doctors off by heart.,anger
The reaction was contained under the bandaid due to big pharma’s nanobot technology to help disguise the TRUTH. :P,fear
"In other words, being a woman but not identifying with your oppression. How special",joy
Pepperidge Farm remembers!,neutral
I guess you win *shrugs*,surprise
Apparently not successfully.,sadness
Besides the fact that they're alcohol bottles they're really quite pretty. Gives an antique perfume bottle look.,neutral
That is the end-all and be-all of the situation. if you feel upset or insecure you should definitely be creeped out as he's doing it.,anxious
"Sorry, your diverse, inclusive baby was aborted.",sadness
My grandmother-in-law does this. I’m sorry to anyone in the Va Beach area.,sadness
And with the employee says “what coworker? I’m working alone today.”,anxious
Yeah with this and the other thread DoorDash is definitely down. Just go home and don't answer any 650 numbers,joy
Gl hf team we can do this! :[NAME]: Whole team leaves,anxious
[NAME] is playing good,neutral
She must have a very boring life,sadness
What...the...actual...**** 😂 are you high?,fear
Sure hoping so!,joy
I feel like you two know each,neutral
Sounds like you are the one with salty tears mate,anger
"You should be much, much more worried about a rise in fascism than pedophilia. Thinking that pedophilia will be normal is just plain paranoid.",sadness
Here’s hoping this ends soon lol,joy
"To the rest of the world, I would like to say, ""Sorry.""",sadness
"Out of curiosity, what do you see in Verdugo that gets you to legendary?",surprise
Sorry I dropped this /sノ( ゜-゜ノ),sadness
Yeah i checked her teeth out and they are okay. I was worried about that as well,anxious
His wrists are too small ☹️,sadness
My [NAME] accuses me of cheating all the time too when I’ve been nothing but loyal. Makes me wonder if she was cheating on me too...,sadness
That’s one pissed off [NAME],anger
I love the way they make my skin feels after I use them. I also use the primer for my makeup.,joy
"Was gonna hit you with the /r/gatekeeping for that elitist mentality, but you recognized your errors. Props.",fear
That wasn't what I was expecting at all.,sadness
"Even then, the commentor could have gotten the joke and was just being dead pan.",sadness
Perfect! Put it in a form they can understand!,neutral
"[NAME], my eyes are hurting from how furiously they're rolling in my sockets right now.",anger
"He was cut yesterday, unfortunately",sadness
The reduction in class size seems pretty small and insignificant.,fear
I can be convinced to like any trade right now but it all comes down to the return.,joy
I was hoping [NAME] would get into commentating.,joy
"If you live in OC, you know who to blacklist : [NAME]",fear
Us arguing here won’t change a thing in the government,anger
Waiting to see if a card expansion will make the game fun.,surprise
beautiful story arc. glad you decided to end it in my semi hometown of excelsior - really neat lil town.,joy
"It's unfortunate how appealing that is to the facists, racists, ethno-nationalists and [NAME] that form the back bone of Israel's support.",anger
It's so focused on the presenter and he is so unengaging it's painful.,sadness
They would call him a snowflake libcuck,fear
Nope. What’s it about?,neutral
No! Mom said it was MY turn!!!!,anger
My goal for the year is to delve deeper into GTO related play and how to better understand how to use that to play better myself and against others,fear
I skimmed poorly and thought it said 4 people (independently) discovered their data was accessed,fear
I’ll just take this as an apology and bid you farewell AM x,sadness
It sounds like he doesn't know exactly what he wants and he's taking it out on you.,fear
"What about white supremacist? BLM called [NAME] a white supremacist terrorist, that label is damaging and in the same lines of a neo nazi.",surprise
Based on that cars wheels it is now very tired.,anxious
"Really!? I thought it had, or at least it should. Guess I'm better off leaving too",sadness
"""Sad"" but ""true"" There you go I fixed it for you.",sadness
This guy looks like an extreme feminist with a man’s face,neutral
I would really Like to know about the ride back,surprise
Ha! Yup same-same! He was my first intimate relationship. I have had other drunk encounters but I don’t count them lol,joy
That will have to be MY cake then!,neutral
"You are not stupid, just overthinking, it will get lost in countless other posts and in the future it won't matter, good luck.",joy
her section at the tate museum is amazing,joy
What is normal? It should be tho....,anger
seems like an odd time to post this,fear
I started this morning barging seven minutes late into a meeting that was not the meeting I thought it was. W E L P,sadness
And Subway fired you for taking too long of a break... To talk to a make-believe 6 yo,sadness
"I only know of [NAME], but she's said there are others.",fear
"> unwanted touching, intentional flashing, obscene gestures, sex-related insults, etc. I wouldn't think those would happen less in a single sex thing.",neutral
"I'd give them a first, but they have to retain salary. You know they'll just destroy that first round pick too.",anger
"Omg enough of all the damn hashtags, it’s not 2016 anymore",fear
This is terrifying,anxious
I regret looking at his posts.,sadness
No worries. We just like to make sure everyone is safe and has a voice.,joy
It's hard to say. They are an above average team that often looks lifeless and underachieves.,anger
This is the best news I've heard in weeks. Source: Albertan where scum like wolves of odin are multiplying like fruit fly's.,joy
"Enough shit comes out of his mouth, do we really need to put more back in?",neutral
I went into business with two friends and none of us speak anymore. Eventually money changes everyone for better or for worse.,fear
"Lol, same! Except that I was diagnosed with bipolar disorder",sadness
"Yeah that’s one of the things I’m most worried about, still hopeful!",anxious
"Especially the jellies, they come up so fast!",joy
Here we go boys. Have a good game,joy
Right. Because [NAME] was a circumcized [NAME] who died for our sins.,sadness
Doesn't answer the question about who is going to pick the low hanging fruit though!,sadness
More like the in-law that nobody likes.,sadness
[NAME] sure are afraid of brown women.,fear
"All fair enough, but you should start just cleaning your dishes straight after you use them. You'll be much happier.",joy
"I can't imagine who IS, the whole thing is so cringe.",anxious
"Bro we got destroyed last time, we’re due for a heartbreaking missed field goal or extremely ill-timed turnover",sadness
That...felt good...can I cry on your shoulder?,sadness
It's because you're dizzy from lack of oxygen.,anxious
He also says something about waking up from a nap in his gameplay reveal calling it a “pain in my ass”,neutral
MY DADDY SAID THE CIVIL WAR WUZ ABAOT STATE RIGHTS AND HE'S THA BEST BROTHUR I EVER HAD,neutral
"You have to drink 25 beers in a row to unlock them though, so they're pretty hard to get without cheating.",anxious
It’s pretty cringe,anxious
"It was understandable, but it was comically basic. He just wanted to take over Earth for Darkseid IIRC.",neutral
The shocking conclusion.,surprise
Because they’re going to have trouble crossing the *language barrier*.,anxious
"""Family is forever""? Weird, I thought humans age and die relatively quickly.",surprise
And it’s only 100 degrees with 90% humidity.,anxious
I suspect there's a difference between people who have an interest in makeup and those that don't on this.,fear
You know how I know Boomers are trash? They love [NAME].,neutral
"Your body, your choice. Sorry it had to mean the end of the relationship. But it's better now rather than later as tensions grow.",sadness
Stay away from the sub till then ahaha,anger
"Yep, they’re women’s shoes!!",joy
"I'd say we are a role sub at best, sorry guys just telling the truth",sadness
It's weird knowing that the people in these pictures are actually real You kinda forget sometimes,anger
That’s been arguably his strongest attribute this season?,surprise
Outstandingly well done.,joy
"Nah she's just a dull asari doctor, with a pleasing voice.",anxious
That’s what I suspected. Will be interesting to see if they can steal some wins against the top teams in the league.,joy
"Jobby is a new one for me, is that another way of saying taking a crap?",fear
being rich is the opposite of a weird flex. it's just a normal flex.,neutral
Is there such a thing as a typical case? That seems like a somewhat dangerous attitude for any doctor.,surprise
I don't think that's true. Every major story I remember from the [NAME] investigation has been from court documents.,anger
There are quite a few heck I know of 3 alone right in Manchester,surprise
Yep I'd sub baking powder for the oil. You want them dry,surprise
Worried about it escaping....now that's fresh food.,anxious
B plug? What the hell. Use an A plug or you're never going to become doctor some day.,surprise
"Ugh I live in WA state and now I'm scared I'm going to get measles even though I'm vaccinated, I hate anti-vaxxers",anxious
Is that the one with [NAME]?,surprise
"well put yourself in his shoes though, it could make for a possible hostile working environment as well as be detrimental to his livelihood.",neutral
I have visions of someone being at a [10] blasted out of their skull and actually doing this.,anxious
"Ending the quarter with some point [NAME] action, I love it",joy
"First they came for the socialists, and I did not speak out...",neutral
"I've heard of alligator boots, but I always thought that meant something else.",fear
I feel ya :/,joy
"I'll call [NAME], somebody else get smashmouth ready",neutral
It hasn’t happened yet. Just talk to the supervisor or HR. In the meantime don’t borrow trouble.,anxious
Fuck [NAME] pai,anger
[NAME] man..... I hope this is just one of his overdramatic moments on the floor... He's scared me like 5 times this year....,anxious
Well who knows Germany was way ahead of its time,neutral
I've never heard him say this... News to me,anxious
"I love it! Guy in front can steer, can't propel. Guy in back can propel, but can't steer.",joy
Don't you feel embarrassed at all that your country answers to a country literally opposite of the world from yours?,sadness
"Yeah, all the stun cannonballs are horrible.",fear
"Not sure why it matters but i imagine shes as old as all the other v3 ultimates, so around 16-17",neutral
Followup comment that not-so-subtly requests gold by feigning ignorance or pandering to the pathos of uninspired premium redditors.,anger
Wow! You are close to me in age. I would never do that.,surprise
That fascist bigot!,sadness
"I think OP said teacher in correlation to how he was using the word ""lesson."" I don't think they were an actual teacher.",anger
Love it when the wife goes lets it go retro. Also love it when she gets that puppy waxed.,joy
Spurs gonna get two in a row over us. Embarrassing,sadness
"Work like always, but grind that ironman on osrs in the meantime",joy
what are you scared of!,anxious
He now looks like his daughter wearing a fake beard.,anger
"Yeah it’s not a fatal error, hopefully [NAME] and [NAME] can stay healthy next year and hit that milestone or at least flirt close to it.",joy
Franchise QB's are leaders who set the tone for the entire lockerroom. [NAME] is a terrible leader.,neutral
That's beautiful.,joy
crowd needs to get amped up...seem a little lifeless …[NAME] drew a charge CMON LETS GO,neutral
Maybe it’s just too early but I can’t figure out what that’s supposed to be.,fear
I’m surprised that any of this is considered that big of a deal. At least he wasn’t molesting little kids.,surprise
Put down that you are a starting forward and love incinerating $100 bills. Stay strong my Asia brah,neutral
We had a train break down in saskatoon people were waiting for an hour. The cops were walking up and down the cars giving people cell phone tickets.,neutral
[NAME] damn you are autistic,surprise
"Didn't expect him to land back in the championship, although mears was much more unlikely",sadness
"Everyone keeps giving me that advice haha. She's happily married to a really nice dude, and she is basically my sister at this point.",joy
"I live in Suiderstrand, which is past Aghulas, no option for fibre here unfortunately :(",sadness
That poor snake,sadness
Read his post again. 'It's more fact based than Fox.' I'm sorry but you might have some extra chromosomes.,sadness
AV is a system where if you vote for a loser you can change your mind and 'have another go'. That's the problem.,anger
I'm too scared to start Black Mirror because it honestly seems like we might not be that far off from some of it.,anxious
"Imagine ordering this. ""1000 burgers to the white house? Yeah ok buddy""",surprise
Sounds dreadful.,fear
And also something against [NAME]. (My definition of [NAME] is just people at the bottom of love distribution),anger
that is one very expensive mistake,anger
"I’m scared of shots, but I’m more scared of dying. What Anti-vaxxers are scared of is autism",anxious
FWIW I had a terrible series of experiences at CFA and would never recommend anyone with anxiety go there.,anxious
"> like a fucking peregrine falcon, her and him beeline straight for her bedroom. Are they falcons or bees? Alphas don't mix metaphors.",fear
Then your education must have been pretty poor lol,sadness
Are socdems welcome here?,fear
"You mean Ichigo/Nero/Black Ranger/I'm a Frog. Did not know that [NAME] voiced [NAME], but it does exsplain why he sounded so familiar.",fear
"I gotta say, that was a WELL fought period. I was worried a couple times...",anxious
Sounds like they get a pass on their morning coffee. 🤦 Hypocrisy. Everywhere,neutral
That’s! How you defeat a bear!!!!,surprise
"That's certainly one part of the puzzle, though arguably they are non-noahide as they historically advocated for incest marriage, but maybe it is different now.",anger
Observe the troll in its natural habitat! Majestic and elegant. Again and again it calls out its mating call:,joy
"Do people really use the phrase ""my kid is poorly"" to mean sick? The grammar in this post is really bothering me.",anxious
I dated a girl once who made a gb with her cup holder. Dropped my phone in it once,sadness
Mine starts sweating and wondering why it’s so hot if the ac is on! 🤣😂,surprise
Bring on the mosquito to destroy those tired legs,anger
"Bore off, you pearl-clutching, centerist coward.",anger
I'm legit posting this everywhere. It's hilarious. I've given you many chances.,joy
What the fuck is this about?,fear
"Maybe crotch-thrusting ""power pose"" on top of the White Cliffs will scare them all away?",neutral
What are the issues you have been having?,surprise
Not surprising since about 85% of all dating relationships end in a break up.,sadness
"Apologies, I take it all back as I’ve just seen his latest effort",sadness
MAKE A MORE DETAILED STORY OF THAT. ALSO MAKE UR OWN SUBREDDIT (r/amusementparkshenanigans). UR A GOOD STORYTELLER,joy
I wish I could see [NAME] slipping on shrimp,surprise
"Aww... she'll probably come around eventually, I'm sure she was just jealous of [NAME]... I mean, what woman wouldn't be! lol",sadness
Nah I dont think the panthers are good enough,anger
This hit a little too close to home,neutral
"Yeah, my bad",sadness
>seek truth no matter how painful it is maybe you should take your own advice,sadness
Some pretty dark shit man,joy
That's a great start! Amazing. I congratulate you on your self awareness. Some hugs if you want them,joy
"Sounds like a man child, why don't he get it.",neutral
I believe [NAME] solved this issue back in 2004 with the racial draft,neutral
I wonder the same thing. Where could I go where no one would ever find me. I usually come around to dropping myself in the millworks.,surprise
Dude don’t even trip. [NAME] is the shit. I also have a soft spot for [NAME] if you’re into her at all lol,anger
"Considering that the majority of people who play poker still open limp, I'm surprised these posts aren't more common.",surprise
I’m uncomfortable just looking at her.,anxious
"When you make excuses about what you're buying, you're the one calling attention to it.",neutral
"Cough cough, r/gunners would likento buy you a drink for speaking the truth good sir.",anxious
"Yeah, I probably should’ve gone ahead and looked that up beforehand. But the issue remains the same, even at that price.",fear
Dear [NAME]. What country is this?,anger
"Reminder that [NAME] incel army literally physically assaulted [NAME] fans when she spoke in East LA, including children.",anxious
I was waiting for the delayed explosion and holy cow! That was insane!,joy
I thought [NAME] was dope. Never understood the hate for it,neutral
He’s creepy,fear
Congratulations on the low quality come back. Hopefully one day you can go to therapy to work on your resentment to bartenders. ❤️,joy
Anyone else's NHL feed die?,fear
Bhahahahahahahahah. Right. Your attitude seems pissy.,anger
I was in awe the whole hour I spent in there.,anxious
They sure look the part...,neutral
"The fact that this podcast isn't called ""Z-Targeting Dio's Balls"" disappoints me greatly.",sadness
I clicked tive times on the Facebook like Button,neutral
Yeah nice one dude,joy
Tear all of it down - that place is such a horrific example of trash civil engineering,fear
"if you look closely, the joke is people fighting on the internet for literally no reason",fear
"I think my worry would be if another dog attacks mine, they wouldn't be able to defend themselves",surprise
but in this case we are actually givining him somewhat of a trial first. big difference.,neutral
Wow starters before 6 min mark?? Insane,anxious
I miss him...,sadness
OH MY GOD! The PTA has disbanded! Ahh! Ahh! AHHHHH •jumps through window•,joy
"This 2D-meets-3D feel has been in all Paper Mario games, they all have an interesting take on it.",joy
dude stop your gonna make me cry. This is horrible please don't do this STOP right now. Dont it's just not worth it,anxious
Sorry to hear that,sadness
And then what would The Bulls do if he says he won't be the head coach anymore? Put an assistant in there?,fear
Our road still hasn’t been salted on Troy Hill,sadness
"From the article ""They stun it, and then he knifed it."" Not sure which doese the kill though.",fear
"Unsurprisingly our closest competitors will try to capitalise as we stumble. Good luck to them, we have brought this on ourselves.",fear
I'm sure the cleaning bill he caused isn't even remotely offset by the flights he's purchased.,neutral
Did insurance cover this? Who was the surgeon? Unfortunately without it...this surgery can cost up to 20k or more in American cities.,surprise
Yea it’s so weird,anxious
"He once played the cop too but failed- **his only failed attempt.** *[NAME] a bitch, mayorape-boy!*",fear
self fulfilling prophecies are always quite fascinating,joy
"If you want to start a family, you can't just pass up 20k no matter how nice your current school is.",fear
"Huh, that explains it.",fear
Is it just me or does it seem like she should have been able to get away with a couple scraped knees without the concussion,surprise
Or maybe just don't have a family and you're financially secured for life.,joy
"Not all [NAME] supporters are tankies, but all tankies are [NAME] supporters",fear
So not a single MP wants Brexit to be canceled? You really believe that?,surprise
Then YOU go right ahead...support and guide him.,neutral
"[NAME] was my favorite. And I liked [NAME] her first season. They both suck now, so damn hard.",anger
I think by and large it encouraged men to become better betas.,fear
"This doesn't solve the problem of people using controllers, they make it harder for everyone low rank or not",anger
I'd worry about traffic more than the TSA.,anxious
Fucking right let’s go [NAME],anger
We are living in a time of lukewarm faith where many will fall away and become deceived.,anxious
Any proof for your statement regarding [NAME] being a PKK cadre?,surprise
I like this. I like this a lot.,joy
Thanks for your kind words. They made me tear up a bit.,joy
Ive never done deadlifts. Are they worth getting into in terms of back hypertrophy? I already do rows and weighted pullups.,anger
I’m broke as shit and already do that.,sadness
No problem! I’m glad we can help. Hope it goes well,joy
"GG Chicago, [NAME] played out of his damn mind tonight",neutral
I am but not till this year is over because we already paid for it,neutral
I never get sick of seeing me and my dad go absolutely fucking wild in that video,joy
So get a job and leave. It's just going to get worse. First the tv then you. Get out while you can,anger
Oh god no!!! I was gonna get some shipped out to save you some money. Never mind.,surprise
learn to say no more. After a few times you have something you like destroyed it gets easier.,neutral
I have a 4 inch penus and $27. Do I win?,fear
"Wayakum, [NAME] make it easy for you inshAllah. Feel free to PM me if you or your brother have any questions. Would love to help out.",neutral
"I think it was, it was do scary, i honestly never wanna do that stuff again",anxious
"I'm sorry that America funded a coup, but I get to have my Medicare. - AOC",sadness
It's realistically his last chance to get a big payday.,neutral
"It’s good to see that all the [NAME] are relatively old, meaning they will all eventually die out.",anxious
I'm sorry for that.,sadness
[NAME]. Starring [NAME] as the goofy and lovable [NAME].,neutral
Never lost one. The black one just got trampled on a dance floor and it stopped hitting.,fear
I like [NAME] better,neutral
Or Not my policy *Gets beaten up*,neutral
"Nope, from Nebraska why? Lmao",surprise
"If you've only flown private for most of your life, it's hard to not think it's uncomfortable.",anxious
"Dude, you forgot the dozen donuts!",neutral
Thank you! I still cant believe someone could be so selfish and awful and deliberately try to ruin Christmas for kids. So awful.,anxious
Wow. That scene would’ve made knocked up much better.,surprise
"I'm the first one, so that's wrong. Party affiliation =/= political leaning",anger
Calm down bro,neutral
Very scary.,anxious
"Equipment (PC & accessories), settings, the whole transition I feel lost to be honest",sadness
YES! Here's to us HAPAs!,joy
lol ok good. You had me worried that there was something I should have known about.,anxious
"55 here. Of course, I could never catch me one of those wonderful incels.",sadness
Thanks for the tip. Just sold 100K,joy
"Anyone else stressed out because [NAME] is not next to [NAME]... no? Ok, me neither",anxious
"Really wow, what a steal",surprise
"I got a [NAME] vibe earlier, but I see this",neutral
Pretty sure I’ve seen this. He swings away with the harness he is wearing. Still looks painful but I think he lives,fear
Everyday for the last year and a half has been very hard and I should be glad she's gone. I'm almost there.,joy
I just physically *shuddered* at the idea of redoing middle school..,sadness
I'm more worried about it randomly saying daddy across the top ... Like that's normal,anxious
Ahh going to bother me I remember it. Let me do some research!!,anxious
"Bore off, you pearl-clutching, centerist coward.",anger
Every Saturday for the foreseeable future will be spent studying for the LSAT. Fuck,anger
I wondered if anyone else here watched Family by the Ton,surprise
what a bizarre post omg,surprise
"Oh no, [NAME] is in pain",sadness
I tried to write a cheque for a fare when I was a teenager. That did not go down well.,neutral
yes. i hate being bored. it's the cause of much of my depression and anxiety.,anxious
"Youd be surprised how many times the ""hebephilia is not pedophilia"" argument comes up on reddit.",surprise
"Nope. stories always fall apart, like in Ohio a few years ago.",anger
Are you saying you do not want to go to bed right now?,fear
"Honest question, what happens to Red if they don't make the league ? They're in America and surely that can't be cheap",surprise
Moral and factual truths are equivalent. If you purposely make a wrong decision based on false beliefs or incorrect theories then you're immoral.,neutral
>It is all about [NAME] I like how you brought up [NAME] and now your mad because people are calling you out for being wrong.,sadness
"And yet, it’s bad to manipulate people. Which is what the in laws are doing.",anger
Maybe try online classes or even start with a Udemy class on writing? Would that help?,joy
I would vote no to a United Ireland because the Republic doesn't have a free health service and no free prescriptions,anger
Any differing opinion that exists is heresy.,anger
"Wow, ouch...",surprise
Who would be deciding the quality standards? How would it work between genres or styles? Why would any of this even be enforced?,fear
I feel the same man. Keep going bro!,neutral
It will only get worse over time. Do what I didn’t. Run.,sadness
Something extremely fishy is going on here with this story.,anxious
It bothers me that certain people praise him as an entertainer and could care unless about what he did. Look at [NAME]... Makes me question humanity🤔,anxious
Sorry just seemed like you were trying to make it a [NAME] thing,sadness
"Maybe crotch-thrusting ""power pose"" on top of the White Cliffs will scare them all away?",fear
*Fuck extremists.,neutral
"I love the vid, I just wish it was longer ;_;",joy
"Same here, after she initiated the divorce and acussed me of not doing anything to stop it.",neutral
Two homes? In this economy?!,surprise
"Wow, way to deflate Endgame's stakes *even more* before the movie even comes out.",surprise
Oh 100%. And I could see [NAME] & [NAME] both picking [NAME] cause of how she wanted to play the game.,joy
What really got [NAME] bigger that much?,surprise
"What ""same thing""? You're not addressing any of my actual argument and have barely been doing so for a while.",anger
I'm confused what you're crying about. The situation has very little to do with us.,fear
"I didn't know that having the occupation of a journalist and the method of ones murder being beheading, gives ones death a special status.",fear
Ignoring your Motte and Bailey. What makes the medical needs of America so unique?,anger
"Exactly. Last year we were saying, “Don’t worry...next year we will get [NAME] or [NAME]. Or both.” What a joke",anxious
Sorry buddy I think that one is permanently dead. :(,sadness
"Hate the taste, switched to a plastic nalgene bottle",anger
"Sorry what, seriously? Who decided that shit, that wasn't even [NAME]?",surprise
I agree it seemed very odd the whole live stream...,joy
Yea man! Why does it always run out faster than shampoo from the same sized bottle?!,surprise
"Actually, I don't look a lot in the mirror so I can forget how ugly I am .",fear
Got her game on.,neutral
"No no, We miss Uncle [NAME]. He cared about is. Until Aunt [NAME] moved in 😕",joy
Hey now I didn't flunk out of med school to be insulted like this!,anger
Wow that feels like discrimination against the poor [NAME] kind.,sadness
"Sorry to hear that, I have it for ps4 and hardcore dlc servers are still up",fear
Thanks man I hope I can get it before the end of the week,joy
Care to share your thought process ?,surprise
[NAME] isnt right wing. Hes center left.,neutral
Maybe so. Should I try to ask her about it? I'm worried that will only scare her more,anxious
I'm not sure how to post a picture lol. Here's my attempt.,joy
Every time I get a distinct *[NAME]* vibe. A bunch of savage children devoid of compassion and understanding.,fear
They've all fucked your mother. Just ask them.,neutral
"Ignorance, Illustrated",anger
"Damn, that's dark",anxious
"[NAME]! He was just amazing, best contract ever, so sad when we lost him.",sadness
I feel a tad lost without it now that my drive for football has vanished and basketball and hockey simmer one. The show's every night after all.,joy
"Also his Whirlpool seems to be bugged, sometime it stays for like 3more seconds even tho you don't get any damage from it anymore",neutral
"Sorry bb :( I understand that feeling all too well, haha",sadness
"He's alright, Avatar, The Happening and After Earth were genuinely terrible films.",fear
"We shot like 35 free throws, bud, we would've won by 16 if we made them all",sadness
"PR is more than just ""optics"". It ain't a new term either.",neutral
There's a difference between use and ownership. They aren't equivalent.,anger
I don’t get it :(,sadness
"I'm underweight anyways, somebody hand me an English to (whatever language) translation book.",anxious
Not even polite if they're driving. The road rage here is terrifying.,fear
"My sister and cousin got one. I'll probably say ""not even with a gun to my head"" if I get one.",anger
oh [NAME] this is horrible,sadness
I'm 25 and I still don't have a license. I'm terrified of driving and get anxiety every time I'm behind the wheel.,anxious
wait wasn't r [NAME] the guy who enjoyed pissing on people?,surprise
[NAME] is worse because he’s all of those things plus he took out my boi [NAME].,neutral
What’s a matter? I thought you liked faces.,surprise
There's so much missing information that is hard to dissect. Did you initiate the divorce? What was the reason for the divorce?,anger
"Once they saw the purple hair dye go into the Amazon cart, they got real scared.",anxious
It’s always easier for TIMs to walk around with their “tiddies” out. They’ve never been shamed for them.,neutral
[NAME] finally getting WCW going I see..,joy
[NAME] promotes [NAME]. She is now [NAME].,neutral
Why do we even try to have nice things T_T,surprise
Willing to get with someone manipulative and knowing this just to get some ass. Seen that a lot.,neutral
[NAME] is soft as hell boi got bullied in Minnesota,neutral
"What the problem? I mean, steak? Good. Doughnuts? Good!! I don’t see an issue.",anger
Not needed position? What team have you been watching?,surprise
How do you know they are [NAME]? Where they caught? Maybe a cat? It's just some crazy person?,surprise
You are nervous. Just focus on the other stuff my dude.,anxious
Cheers! *clink*,neutral
Theesomes won't make someone monogamous more open to solo stuff.,anger
great execution for the drawing but bad execution for the meme,sadness
I’m scared to fall asleep——-,anxious
"I actually didn’t know that the White House Mess existed, is run by the Navy, and still running. That just makes this even weirder.",surprise
I never knew this! Nuts are a total fear food for me,surprise
So uh...what happened to men between 1990 and 1995? Why the huge spike?,surprise
You're right to be nervous. That happened near my college's campus when I was a student. She lost everything in her wallet.,anxious
It means >![NAME] is the only one really close to Dutch now.!<,joy
Because our democracy is not going to be held hostage by terrorists,anger
I thought he was trolling oops,fear
They did and he is going to be extremely difficult to feel much empathy for him.,anxious
"This is seriously disturbing. Even more disturbing, is that we aren’t doing anything about this, and it’s going to expand. Watch.",anger
One of the dumbest decisions [NAME] ever made lead to him leaving Oklahoma,neutral
BROOOO I THOUGHT THIS WAS WOOD ALL ALONG ouuuuccccchhhhh,sadness
"In ten years, I've met maybe 2 korean teachers that actually spoke English in the class. Out of hundreds.",fear
You still worrying about that is like a poor person hitting the lottery and still worrying about money. You hit the jackpot bro.,anxious
Thank you so much. Happy New Year to you to.,joy
Nah he kept blowing on it for like 25 mins agitating it then put his head close to it . Dude totally desearved it,neutral
Aaaaaand they turned it off. Terrible roads everywhere.,sadness
Not complain. She could not complain since she made no effort in the beginning.,anger
Why him* Having a healthy sex drive isn't a problem.,surprise
Why cant I ever see these comments linking things until the day AFTER i make my comment,fear
Do you dislike the concept or the way they use prepositions? Does your first language lack the concept as well? :),fear
best part was him tearing apart his Real shirt while walking out,neutral
Merrily merrily merrily merrily something something scream... (I am not creative),joy
So it's like the first game then? The only thing they took out was the fully-destructible environment? Did they do anything else?,surprise
You are so ugly even tears wont show up near you,anger
Apparently Sim groomed a 14 year old girl.,neutral
I’m shocked at how big that defeat is.,surprise
"[NAME] “ I’m afraid if I don’t have money she’ll leave me”. Yuh, you’re exactly right [NAME].",anxious
"[NAME] doesn't even like sex. Remember, you said it feels like getting tackled by a skeleton.",neutral
I am so sorry that happened to you.,sadness
Don't you know? We have to just shut up and put our heads down until they decide!,neutral
">Shouldn’t the Bible be infallible No. That would be idolatry. Only [NAME] is infallible,",joy
Ignoring your Motte and Bailey. What makes the medical needs of America so unique?,fear
I saw one that us taking Greedy William's at 6 with the Jaga taking [NAME] at 7 lol. Cllelin ferrel was at 4,sadness
I swear every wraith I went against camped.,anxious
Looking cool [NAME],joy
I got a good laugh at this one. I feel bad.,joy
"She did NOT try hard, that's the problem.",sadness
"Fall of religion also plays a role. I'm not religious at all, but I understand how it brought people together as far as a community structure.",fear
Those women are the worst.,anger
In shock and was more concerned about my kid tbh. Now off course I wish I'd sued the arse off her for emotional distress.,anxious
Nobody likes you,anger
This is why I clean my belly button every day. That’s disgusting,anger
that's a pretty cool box art. Shame the beetle's hand isn't actually wrapped around the stick though.,joy
We don't lmao. Anything with humans will have the same problems.,fear
This is getting out of hand! Now there’s two of them!,anxious
Is that [NAME]?,fear
we're all in the same struggle except for those few traitors that dared to go out and actually get into a relationship,anger
Good thing they were all about to jump when it happened. Do you know what happened to the pilots?,surprise
Never had a girl out right tell me she likes me and i have been in 3 somewhat long relantionships.,fear
I wondered where the quote about “supporting your azz” and was very pleased to finally find the train wreck that said it.,surprise
Close enough. Is rainbow 6 any good?,surprise
"The best one for me is still Borderlands 2, and it’s been a fucking while. Amazing how far ahead of its time that game was.",joy
Please no hate it’s my first post bro please,anxious
"[NAME]. Yeah, right. Lol",joy
This guy should go to HELL,anger
[NAME] does more than [NAME] so I'll have do disagree about that,anger
Didn't really help who the Master is but [NAME] will lose his damn mind. We video game worlds now.,sadness
What is everybody obsession with trading away young players in this sub?,surprise
Haha i have 2 chinchillas from a manic episode about 8 years ago. They're sweet little things.,joy
You want me to go searching around for that? I'm good. I'll just assume you're wrong because of the way you type.,anger
You’re a wonderful person. I wish I could afford to do the same ❤️,joy
Say what? He has been playing for epsilon till now. Never seen some real accusations on him cheating. I think you should read some more.,surprise
It would take something extraordinary for me to turn down a 20% raise.,fear
We shouldn't be brigading other subreddits anyway.,anger
That jawn looks lactose free. Get that cheese mixed in that jawn.,neutral
FYI your boyfriends fucking her too.,anger
We aren’t done until we are mathematically eliminated. Always hold out hope,joy
Game of the conference season so far and ESPN screws up the stream with only a link to the game in Spanish?,surprise
BECAUSE THIS ARTICLE IS THE CLINCHER [NAME] IS [NAME] LAST NIGHT AS A FREE MAN,neutral
Annoyed by the people refusing**,anger
The song must be thrilling,surprise
I think a budget PHD or DNP would cost me 35k so not happening.,anger
Its a half baked RP. If they wanted to kill each other they oculd have just started shooting.,neutral
"[NAME] “ I’m afraid if I don’t have money she’ll leave me”. Yuh, you’re exactly right [NAME].",fear
Girls screaming alone gives me horrible flashbacks,anxious
"Can I potentially levitate 2 inches off the water also, or just the ground?",neutral
Omg I just finished and I'm in awe...,anxious
"Nah, that's ArmedForcesUpdate, always good for a laugh",joy
"Oooh, THAT Shaggy!",fear
Where is this video on Doesn't seem to be on any of the pages I loaded.,fear
That took me a moment. I am ashamed and will now go commit Sudoku.,sadness
Thank you so much . I'm really really really nervous.. I just want to cry.,anxious
As opposed to becoming a U.S. citizen the illegal way?,fear
I just looked that up... Dear [NAME] why?,surprise
No different than people making a big deal about their team winning the super bowl. People find it interesting.,surprise
A long term relationship with pizza? Wow talk about accurate!,fear
"It's givin' off that disco vibe, and if I understand correctly it's okay if it's the [NAME] way.",joy
"Nowadays I get nervous watching Steelers defense. Back then, I couldn't wait to see what they'd do next.",anxious
At least he let you use an envoy. Those are seriously reliable. What color was the envoy,neutral
hes leaving anyway might as well trade him bro,joy
"Sure, let's kill a guy with a buck on his horse because that's how it was in the old west. Smh",joy
I don’t cry enough.,sadness
If you have to ask you're too uncool to be allowed in.,sadness
Looks like he's tired of your dad-jokes. Lol,joy
The fact that entities go around violating rights is not an argument that we should keep them.,anger
"If we can trade down with the jags, send a 5, get their 1, jalen and draft an edge I’ll fuck.",neutral
"The dress was trailer trash appropriate. Did he just run out of money for a good dress? I mean, $300 BLACK UNDIES.",fear
Never more have I felt like I come from a British colony.,fear
-30??? Omg that's awful. Stay warm and sane,surprise
shouldve just given him the sum you usually pay and transfer the burden of awkwardness onto him,sadness
I want to see more heroes just kill villains. I’ve been playing Tales of Vesperia and got to THAT scene and it got me super hype,neutral
No email. Besides Instacart emails go to my junk email so I probably would have missed it anyways,fear
That poor mercy. Just died to die again xD,sadness
"With the weather we are having, it is a surprise when a battery works.",surprise
"already exposed when h2k went 2-16. Sure they didn't have the best players, but going 2-16 means the coaching staff should also shoulder the blame.",sadness
Just get him out of my sight I’m tired of losing and those who contribute to it,anxious
Drink a lot of water.,neutral
"Damn, I didn’t see any monkeys when I was there! What a ripoff.",sadness
"oops, back in a minute, your round!",neutral
Shawty whats wrong with you. I want those people dead,sadness
You seem very angry. Maybe you should.... go jerk off.,fear
"No offense, but you are jumping in conclusions that may be as incorrect as blaming [NAME].",anger
Your work is amazing! Really like the Rugrat one. The melting style is so cool. Prices are very reasonable for the quality too,joy
Wow. I could have gone my entire life without witnessing this limpdicked haemorrhoid rank the severity of sexual assault based on who the victim is.,fear
Drunk and crying in bed with my pets. :|,sadness
"Exactly, you have no clue whatsoever what you're talking about. I've never had an argument with a brainlet quite like this one, so kudos.",neutral
Um yea. You’re being creepy. Stop stalking her,anger
2009. What a year to be a 10 year old,surprise
But now we're stressed out.,anxious
"Millennial here. Have a few motorcycles, none of them Harleys. I do not like overpriced, unreliable and bad performing vehicles.",anger
I dont go because it ends 1 of 2 ways. Either im sick or im not. I dont like either of those answers.,sadness
"I learned that in my favourite documentary about Canada, Strange Brew.",neutral
"What's he whining about, I am only 52 and stuck on SSI now and only getting 1400.00",sadness
I hope last night was fun enough to warrant the hassle today.,neutral
she usually sits below the bathroom sink like a fuckin weirdo between 9-11 pm but she'll be free after.,anxious
At least it’s not malk,neutral
cant wait to see you on the news; future rapist. you sound like a real loser.,anger
Next level up to termination.,neutral
"that’s actually sad, feel bad for him :/",sadness
Yeah I don’t think [NAME] wants you to fuck my wife/his girlfriend anymore you cuck,anger
Its to hard to write for [NAME]?,sadness
Will that's what that poor child was just taught. Some parents have no idea,sadness
"My dosage was increased 2 weeks ago and I've noticed the issues getting worse. With your comment, I'm really leaning towards them being side effects.",anxious
"hey thank you! any time I can help someone, I'm more than happy to:)",joy
I hate that myself,anger
"I’m all for this, but is anyone staying in these hotels?",surprise
Apparently the system is down,neutral
I'll add to this: be prepared to not get closure or questions answered. This is the hardest lesson I had with my break up.,anger
Are you being stalked by anti-vaxxers? I’m so sorry that sucks so much,sadness
His truck was never used by ISIS.,anger
[NAME] is a queen and y'all better treat her like one.,neutral
What does “I moved on her like a bitch” mean? I never understood that line,fear
"I mean, its not like they gonna ban the Donald for a while",fear
Really glad you were there for her. I wish you both the best.,joy
"Loving it too, has made me forget about BO4 & Destiny 2...so addicting!",joy
"it is very clearly incorrect, and it's apparent that your descent into reactionary politics has made you fully delusional.",anger
Because it was a terrible idea.,fear
How cold is it? I keep hearing about Chicago today.,surprise
[NAME] was one of the only good things in that season,joy
Inexperience meant I didn’t know that I could legally refuse service,fear
>I was internally startled but tried to play it cool. Why?,surprise
Threatening to drive your sisters into the ocean is illegal. It's called making a terroristic threat or menacing and can cause her to lose access to your sisters,anxious
youre a disgusting piece of filth.,neutral
/* Consciousness Level */ The Other is confused The Other is dumb <-- you are here The Other is evil,fear
"The reason you keep going is the same as mine, I just don’t know how we’ll get there.",anxious
It would've been pretty funny in May. Not anymore I'd say.,joy
"I'm not vegan cause I love animals, I'm vegan cause I hate myself.",fear
What's the deal with [NAME]? I haven't heard much about him lately.,surprise
That's a bit violent...... But then again I'm a [NAME] so whatever,neutral
"Yeah, Inbox didn't have those so I forgot all about it until they killed it.",anxious
$100 says your boyfriend is miserable.,sadness
"Or maybe he does, and that’s why he scared of people thinking that; he’s afraid of people finding them out.",anxious
My heart broke for him when his wife suddenly passed away. I worried about him with his issues with depression but he seems to be doing okay.,anxious
I blame [NAME].,anxious
I'm vegan and that's a big nope from me.,joy
"idk what it is either, I think it’s because he looks like he plays in slow motion, but it works for him so idk",fear
"I know he will be, I'm just nervous. His face is just going to be so sad 😢",anxious
Am I dense or is that not funny either?,fear
I'm saying your question is irrelevant to the post's topic. Stop being passive aggressive.,anxious
Bishop [NAME] was talking about lawmakers rather than the women who seek abortions. Though the situation doesn't matter when it comes to dismembering a baby.,anxious
what's an alt right?,surprise
"*police proceed to slide down hill* *I quickly jump in police cruiser, as friend holds bumper*",joy
Now you go get his armor and do the same thing.,neutral
Wait is that [NAME] head in the up next?,surprise
"I'd be worried about the tone, not the content.",anxious
You [NAME] did not make us look good at all.,sadness
Still can’t blame him.... we’ve all been there,anger
You good = are you ready?,fear
"Meh, it’s “next man up” over there. I’ll be worried when they stop making it to the playoffs.",anxious
"Lol what are the odds, I’m also 6ft 1in around the 160s but I’m only 16 years old though",joy
"Given my grandpaernts survived the holocaust and told us everything, we have a horrible yet interesting family humour.",joy
Oh my [NAME] I completely didn’t realise. I’m so sorry,sadness
"I have already, what's your point?",joy
"I like your version more, anyways. Better comedic relief from such a horribe tragedy.",joy
Ever seen a lion limber up before it takes down a gazelle?,surprise
And then he calls the fans crybabies for saying his movie sucked. Just take the L dude.,neutral
"Looks like your typical blurry picture to me, but I’m no doctor.",joy
"Right, but we want to shit talk them directly. Not agree with other people shit talking them.",neutral
Give it time. Pain like that needs to heal just like open wounds. I really hope that you will eventually start to feel better.,anxious
This picture is old af,neutral
While living in Japan? Never say never... but it is very hard to imagine.,neutral
Your manager sounds like an idiot. Not saying he/she is. Just sounds like it from this.,anger
school is not that bad,fear
I'm disappointed [NAME] never plays guitar again.,sadness
Then it'll hurt more when I kick it in the balls.,anxious
you never wanna hear that but sadly people will say they love you when what they really mean is you are convenient.,sadness
"The first guy had his balls covered, he knew.",neutral
[NAME] blows. Be happy she’s gone,joy
No! They’re still on the sidewalk right there! With literally absolutely no way around them!,anxious
You know it’s really bad when the lashes are bigger than the brows,sadness
"So sorry, for your loss.",sadness
"[NAME], but I’m not sure he is gonna be a piston for a long time.",anger
LMAO BRONER REALLY HOLDING ON FOR HIS LIFE,joy
I love how he bends down with his head in the 'loaded' guillotine to screw off the end cap.,neutral
"Nah, you’re totally one of those MAGAmers. Your comments could’ve come straight out of the subreddit.",anger
"Glad to see [NAME] getting a point, he's been overdue. Now for the 3rd period [NAME]?",surprise
Sounds like an fp to me 🤔,neutral
Let's hope he doesn't change his mind.,joy
How comes when Chinese companies help build infrastructure in Germany it's a terrible risk to their sovereignty yet this is fine,anxious
pretty much correct except for when right wingers get triggered they type on a keyboard and when leftists get triggered they try and ruin the career of whatever offended them,anger
and everyone else is worried about themselves not paying attention to you,anxious
People have always liked kinky sex. But this is just BAD kinky sex..,anger
Is that [NAME]?,fear
"Leader is an aura perk so you can't be affected by it yourself, you can only affect other people with it.",anxious
Glad to see Mrs. [NAME] is still alive and well!,joy
"Good, I need an hour to align my chakras for the impending stress",anxious
I love this show but I feel personally attacked when they say you can't live with 6 cups of tea a day and no food 😢,neutral
Please don't think the way they're trolling represents us [NAME]. I'm sorry this happened.,sadness
[NAME] is often regarded as strategically the worst Lord in the series because of this. [NAME],sadness
Is it bad that im really bummed he didnt get hit?,sadness
"Laugh now, while you can, and the robot overlords are weak and stupid. Tomorrow, though... take a deep breath... and wait.",anger
Top 10 nibbas satan's too afraid to torture.,anger
"Goodness, how will [NAME] even defend this? Please try to validate this so I can become a muzz and you earn your good boy points from [NAME]",anxious
Can confirm. My downvote was removed. Added it back just now. Edit: My mistake. It was a different video.,sadness
"Yeah, I don’t get paid 30 million a year to get my a** kicked.",anger
Oh cool so you admit to being a pedo.,anger
Does it tickle inside your nostril? I always imagined it would be annoying.,anger
It sucks to get resigned to living with trolls. I still want to live to see a world without them.,anger
I still don't get what the joke was supposed to be,fear
I don't believe no one in your class thought of Mac or iPhone.,anger
I _hate_ it when I can't get hold of a specific food I've been craving on a binge day.,anger
It's been feeling strangely like November the last few*****,anxious
You better be praying for me. I'm living in SO MUCH SIN!,sadness
"I’m telling ya, we really need to impose a basic hockey knowledge test to post here. I’m sick of the mouth breathers.",sadness
Didn't he write a dissertation about the pros and cons of finishing college instead of going into MLB?,neutral
"In the shower, years after it's happened and everyone else has forgotten about it.",fear
How cool is it?!?!,surprise
"[NAME], I hope so..",joy
Society started going downhill at exactly the point where I became negatively affected by social change.,sadness
"It's a reskin of Overlord, which is why it uses the OL VP.",neutral
"I was giving an example, not explicitly talking about aramusha. 🙃",anger
[NAME] from elfen lied is that you?,surprise
Look like when i wake up in the same bed with my uncle,surprise
"Ohthe good old lemon meme died so quickly, i mean that’s how mafia works",sadness
but the dayman doesn't have the nightman's sexy hands.,anger
Our federal budget is $4 trillion. Until entitlements are reformed the arguments over what things cost is irrelevant.,anger
That’s terrifying,fear
"Just like you can't underestimate the capacity for evil, you can't underestimate the capacity for stupidity",sadness
"It has little to do with experience, to be human is to err.",joy
I'm painfully aware of that having bought a FreeSync monitor with my Nvidia graphics card.,sadness
I mean it's just not. A lot of people are just like this.,neutral
"Megagrindr, and I love it.",joy
What is his endgame? People are talking about him but this just makes him look bad.,surprise
"My first day with them off was quite anxious, but it got better!",anxious
"I found that after particularly bad games I feel the “need” to smoke more weed, like a cigarette after a carcrash IMO",anxious
... and no one seemed to care Except that lonely woman with white hair,fear
You welcome guys,neutral
"Literally shaking, I hope you're getting the support you need with the ptsd this has obviously caused.",joy
Do you have to inject insulin into your veins? I'm assuming yes but I've never seen anyone do it.,surprise
You know they just blamed the neighbor who defended themself.,neutral
Was just wondering about the mobile thing. I only use mobile and I've never noticed anything odd. It's not something people would care about anyhow.,anger
I can’t stand [NAME] but that was heartbreaking,sadness
What GDP growth? The one that barely broke 3-4% since 1984 and has dwindled to 1-2% to 0 to negative 1%?,fear
"[NAME]: ""Why do people think we're a bunch of wackos that do dumb shit all the time?!"" Also stoners:",anger
"Ugh why can't the commie just discuss about [NAME] serve instead of saying ""I'm sure he's more of a scientist than me""",surprise
The bot did its job. It’s me the awful one,anxious
Yo good for you!,joy
Those damn tires,surprise
That was never in discussion all Miami wanted was to get rid off the whole contract.,anger
I think I got gout from watching this.,neutral
It doesn't really matter because since BF came out on console it's slowly become shit. :),sadness
"This was the one post that truly frightened me about the insane left. They are a cult, and not on our side.",fear
I'm painfully aware of that having bought a FreeSync monitor with my Nvidia graphics card.,sadness
You’ll just be throwing them up. Ain’t worth it.,anger
Holy fuck [NAME]!,anger
Just to tax a bit of the smug out of them would be worth it in itself.,sadness
And still our government is not responsible enough to pay its bills. It's rather pathetic.,anxious
"I never thought about that last part - how cool! He is lucky to have you for an owner, you seem very caring!",joy
Geez. Why is Duchene their 3C?,surprise
Please don't ruin our self-deprecating-humor cope.,sadness
This is so true cause I always think “are they just using me for sex?”,sadness
Wow. You don't have any self control?,surprise
"Sometimes, if there's only one available device, the app will just connect to it when you hit the button.",neutral
Anyone else see her 10 year challenge post today or yesterday. I'm so shocked she wouldn't pick this picture.,surprise
Mixed drinks are tastier. And I hate raw clear spirits in particular.,joy
I'm glad I'm not the only one that allocates points for road kills.,joy
Crowder is terrible... How do you lose that gunfight or not have the common sense to just run away,fear
"It’s so weird, I think it’s like excited/stressed?",anxious
This hit home,sadness
They also think you're a jealous man instead of an honest - though not very nice - woman.,neutral
"Guys message got deleted, what did he say?",sadness
This kills the country.,fear
"Oh, the Custom is a great guitar. But it doesn't have same snarl of the Epi.",sadness
This sub can be so ridiculously cynical. It's just a pretty picture of a sign!,anger
That was a fluid motion and it scared me,anxious
ORANGE MAN BAD GOLD TO THE LEFT,sadness
"Good trade yesterday and happy with the front office, aaaaaaaaaaaaaaand it’s gone",joy
That's not how it works,anger
"Um, no, it wouldn't be days before anyone looked for a missing kid. Hours maybe. Not days.",fear
This is the kind of winning I love. Winning because [NAME] has 25 and [NAME] has 29,joy
Hear eagles fans are sending dude money. He'll need it. I'm hoping I hear of his unemployment momentarily.,joy
"I know, and the unfortunate thing is many of my friends in this area have had somewhat similar experiences with dudes who just are just total creeps.",sadness
I can’t believe this blatant police brutality,surprise
- read the linked,neutral
u the type of guy to still defend [NAME] even after the flashbacks arent ya,anxious
"wE mODiFieD eiGHT viDEo CaRds tO fIt iN A SinGLe pciE sLoT /squeak Whoops, sorry, wrong [NAME].",sadness
"Yep, this is all I needed. See you guys later, Ima go jump off a cliff",fear
"Dyscalculia. It's not that uncommon, especially in people with ADHD.",anger
Credit where credit is due.,fear
Hugs to you It will get better,joy
"When your dog dies, you will realize how absurd this statement is.",sadness
I never understood why the idea of always swinging pitches served to you on a plate seems radical.,fear
"[NAME], I forgot about that. Eight seconds was more than long enough to murder everybody in sight.",fear
"Doesn't explain why Tech only has 2 attempts, been driving the entire half.",fear
That's far from what happened and there is overwhelming evidence to the contrary of the circumstances of her death that it leaves no room for debate really.,sadness
A Wall is NOT a Volition of the NAP you idiot.,anger
"We had a clown banging on dorm windows, on campus, with a knife in 2016. Was terrifying.",fear
"It makes me uncomfortable for anyone to force physical affection on anybody, it doesn’t matter the age.",sadness
"Started watching when they were up 14, thought there’s no way to be disappointed today.... oh well",fear
Guessing a lot of families are back from holidays and the kids are smashing the online gaming and streaming services.,neutral
Because its creepy and weird,sadness
Then it would have been removed. Don't assume my thoughts. I cringed. I posted.,anxious
Guilty... waaaaay over sold myself on my resume about 12 years ago.,sadness
"I have many a screenshot of blatantly false posts that my older, conservative, religious relatives share on Facebook",fear
"Oh, it was THAT episode?",neutral
Or it could have just never happened because nobody ever wanted to see it.,sadness
Come to Louisiana! Gas stations have single 16oz’s on ice and we have drive through daiquiris.,neutral
Do these Salinas officers not realize that no-shave November is over?,surprise
This physically hurt me,sadness
I joined the casuals on the couch and curled up in horror while watching this,anxious
Take this down my dude. This is cruel.,anger
Mid game? I was worried it would happen to me except reverse. Hold out on this contract for another hour haha,anxious
"The best one for me is still Borderlands 2, and it’s been a fucking while. Amazing how far ahead of its time that game was.",surprise
"Doesn’t matter if it makes sense, as long as the libs are mad you can say it",neutral
Will we see [NAME] as PM before that? We shall see,surprise
Nothing gets past you!,neutral
That’s a terrible amount of bp for 11 kills,fear
I'm curious about this film but honestly I don't think I can stomach listening to or looking at this a-hole for more than a couple of minutes.,surprise
Not necessarily. His parents divorced when he was one year old.,anxious
But she told me she asked because of the post that I made,surprise
And blames the girl and claims it can’t be his,sadness
I thought about it before. But I'm afraid I might get in trouble.,anxious
Yep. They'll declare a national emergency and use army troops to seize all the plastic straws from chick fil a restuarants in the country,joy
"Completely correct. But he Might have lost control, blown a tire, etc., or maybe just panicked human error.",fear
"If this gets put in a video, hi mom!",joy
And she wouldn't give it to him. Poor fellow.,sadness
tRuLy A wOrK oF wOnDeR,surprise
my credit is not good enough for a loan and having no job would make it impossible to get 6k. and being able to speak.,sadness
"lmao yes, my reasoned, supported response to your unfounded criticism is most certainly an example of one of the points the hack artist tried to assert",anger
"I thought it said “now my biggest fear is the thing living inside my casket” like, *weet doo feek?!*",fear
Nah man sorry if it's being taken wrong. I'm trying to say that I got an idea from her actions. Should have just said that,fear
It's not so uplifting that it's guaranteed to die in the Senate...,sadness
This is currently my situation with Metal Gear Solid,neutral
"Right. It was wasted screen time. But oh no, we couldn’t have a Snoke flash back that was 30 seconds *at most*.",sadness
"> **most government positions**, especially elected positions **don't have any education or skill requirements** FWIW Yea they do.",sadness
ho boy are you in for a surprise,surprise
I’m surprised by how quickly they were able to get a graphic for Kent.,surprise
"Maybe the [NAME] curse isnt real, but the [NAME] curse sure as hell is. We dont want any [NAME] on the cover!!",anxious
I love seeing satan... I mean saban upset,sadness
"Downtown is inconvenient, look like you've gone full county, enjoy your strip mall",joy
Thank you for this! :),joy
Why are you even visiting /r/Artifact if you hate the game so much?,fear
Don't forget about the flooding in Houston. :/,neutral
Are you still sitting in the car right now?,surprise
"creepy, the only way to make it more creepy is to leave it on her bed stand table to find it in the morning.",fear
"I see a Narcissist/sociopath in that character. He also has delusions of grandeur, too. I wouldn't associate him with BPD, personally.",neutral
"My suspension of disbelief was shot, I don't even know if the court case ended with a hell in the cell match",fear
Have you ever brought up your concern before? I understand if that is the only issue but if it doesn't change it could fester.,surprise
What does adderrall do that makes you lose weight? Appetite suppressant?,surprise
"Yes, I realize that. All my other relationships have been a year or longer but even a month into those I was miserable",sadness
I have never seen [NAME]?,surprise
"Dude my brother just paid $300 for an ounce, can’t wait for legalisation",joy
Where did the second biker come from?!?! Did be climb out of the truck bed?,surprise
*laughs in uneducated Finnish farmer on skis*,anger
Option B for sure. But with more roundabouts plz.,sadness
Everytime I confront her about she gets super pissed and things I’m “overreacting”.,anxious
Is the Queen movie bad? That makes me sad. I'm still watch it anyway.,sadness
Imagine what he thinks of TLJ...,neutral
"Omg I really thought it was a new word for me, not debacle 😂😂😂 she didn’t even try",surprise
"Sorry, but anarcho-anything are bot welcome there",sadness
"But if we go to the FCS right now, and never play y'all at the cotton bowl again, we keep the hat.",neutral
"You're fine! Go ahead and vent, that's sorta what this subreddit's for. I'm the same way, don't worry.",anxious
"We're not the only one that has it, but for a city of our population, we're probably one of the worse offenders.",sadness
The Babylon Bee article makes me worry for [NAME] comic tastes.,anxious
"I’m with you, like shouldn’t we call someone or make sure this was followed up on? This poor guy.",joy
I get that. That's why thet time limit. Even if it's just to reevaluate.,neutral
Only a sith deals in absolutes.Fuck that guy.,anger
Zionism is the ISIS of [RELIGION]. Brainwashed idiots like ISIS.,anger
He was waiting for [NAME] to stand up and ask him about the PC port...,neutral
I'm getting politically charged rhetoric from a cola company now?,neutral
OMG my [NAME] hates it too but she does it to me all the time,anger
Honestly tho. Please stop posting this. We've been seeing this shit since at least 2003 and I was born in 02 ffs,anger
I miss them being alive,sadness
This guys still alive?,fear
I love how someone put a laughing emoji on that.,joy
"No one to blame here, bad luck is what it is.",fear
Fox News attacked [NAME] for a fist bump. The absurd attacks were directed from the very top of conservative media.,sadness
Had a stroke reading these.,fear
My baby’s vaccines MADE ME shake him!!,anxious
The fact that they're flying their drone in the rain gives me anxiety.,anxious
Caution: [NAME],neutral
Wow what a final quarter. [NAME] throwing two intersepts. What a dog,fear
"You were really fortunate! See, that’s what I imagined would happen...",joy
"Oh, it’s actually its own thing. I heard goo and just assumed the worst.",fear
You’re a women hating racist. That’s what you are. Stop talking shite and trying to pretend otherwise,anger
I just want the 24 best players...no more weird guidelines to keep deserving guys out,anger
Sick of that stupid floss dance,sadness
Oh. I have anxiety for her and this conversation.,anxious
What other account do you think is mine?,neutral
I spend a lot of time worrying about how and why that'll happen to me as I get older.,anxious
I’ve left my friends back at home. I know no one in this state.,sadness
"Also worth noting that OP was the racist, violent instigator in that situation.",anger
"He can’t do that! Shoot him, or something!",fear
Sorry for the bad formatting,sadness
"I hope you'll be feeling better soon, friend",neutral
I'm still worried about [NAME] though :(,anxious
[NAME] gave me depression because had I been left unchecked I would have bested him in hand to hand combat by age 16,anxious
"That's interesting. As an orthodox [NAME], I woulda either kept using the offending term or avoided the name altogether as you suggest.",surprise
"weirdly enough drug addicts are still human beings, shocking I know",sadness
I'm sorry. I wish I could give you more hopeful answers.,sadness
"As someone with sinus and breathing problems, this makes me anxious and short of breath just looking at it.",anxious
um what about just not engaging and leaving?,anxious
Now [NAME] breaking stories for us!?!,surprise
"Oh boy.. ""The Beginner's Guide"" game on steam had me messed up for a couple days..",sadness
i wonder how people who are in college/undergrad who are in stable relationships do it.,fear
"This is why you play runescape as a kid, it teaches how to trust no one that offers free rune plate trimming",fear
Did not expect it to work with a body on it..,neutral
Lmao doesn’t even try to refute.,anxious
"Yeah, but you should drive to the road conditions not the speed limit.",fear
jeeez i've never seen a scorpion so bad it actually flipped the person up right,anxious
I don't think the blame rests entirely with America (those woh joined the taliban still made a concerete choice) but no US forces are not innocent.,neutral
Utah is a beautiful state. I’ll give you that. I spent a week at Bear Lake and it was pretty amazing.,joy
"Nah, I like that they come here and tell on themselves.",joy
"Thats not even compareable, for one epic made NONE of these games except fortnite. Please explain how third party exclusives within the same platform should exist.",surprise
"It's brainwashing. When you have people keep pleasuring themselves, they're easier to manipulate.",sadness
Anti-vaxxers should have a convention where they can die out afterwards,sadness
Sometimes we pick the bad option to make a point.,neutral
Or is that a 3:14? You’re in trouble pal.,joy
American democracy is weak but it's not dead. If the intention of your comment was to discourage people from voting then you are the problem.,anxious
Lovely experience on the trains this morning lool getting me practiced for being in a coffin,joy
We will fam. Enjoy [NAME]. hes a great kid and has a crazy high ceiling,neutral
"Oh, their theme gives me anxiety.",anxious
"My heart skipped a beat when I saw this. My childhood dog looks just like them, and her name was Brandy!",anxious
Cool! Tell me more about yourself---PM me if you're more comfortable.,joy
This is one of the new accounts that tried to call me a cunt!,sadness
I feel ya man. Stayed up to prestige and now I can’t sleep anyways.,joy
Any advice on if I should keep trying to start up some text conversations or just forget about that stuff for now,fear
She looks like she has a broomstick stuck in her butt :( queen deserves better,sadness
#THIS!!! andalsothat,neutral
Reminder!1 month Just so I can repost and harvest karma like everyone else,fear
"My wife is not allowed to flick my ears for any reason, and apparently I'm not allowed to stick my finger into her bellybutton lmao.",fear
I feel like [NAME] would be upset about this too,anxious
I can't imagine how scary that was for you. What is wrong with people?,neutral
I've heard this is a form of self hypnosis such kinda makes sense to me.,fear
"My point is, theres millions of men who aren't [NAME] tech employees who could theoretically be speaking out with no real consequences",neutral
"hard working, alpha male, jackhammer, merciless, insatiable",neutral
One of my cats always eats the other ones food. I never noticed it until he was obese. I'm not gonna make that mistake again.,sadness
The A.I. conundrum. What will the robot drivers choose?,surprise
Our team just gave up the moment that happened and all went to top lane to have a b-step party with the other team,neutral
Break ups are painful and there’s no way to avoid that. Be honest with your current girl and end it.,sadness
can you share it here? I would love to be able to support you and watch your success!,joy
No fuck that guy. I'm actually relived he was shot. Sounds like a sack of human garbage,anger
Omg yes lol,joy
Scary stuff.,anxious
Nah see that's the kind of pessimism that makes you more depressed. Even if they're not genuine you can still take it to heart.,anger
"You know he was too distracted by ""boobies"" on his teen wife to care about the realistic possible outcomes of rushing into marriage with a teen.",sadness
"[NAME] was such a disaster at OC, I really don't feel comfortable even implying he's in Schotty's league.",sadness
So weird watching this segment knowing what happened a couple days ago.,sadness
what are you scared of!,anxious
I don’t care about this mission Texas stuff,anger
Except you continue to lose calories well after you finish running...so way off,fear
i am retarded,sadness
I thought it was mildly interesting and don't regret watching it.,sadness
Do we know what the source of this rumor is other than twitter speculation?,surprise
Nah [NAME] gonna be an asexual for sure.,joy
"Yeah, but you get the honor back for skinning them as 'Resourceful'",neutral
It's not illegal to be ungrateful. You can't force someone to take care of someone like you're wanting.,sadness
Ignorance is bliss,sadness
"I think my worry would be if another dog attacks mine, they wouldn't be able to defend themselves",anxious
"Super curious, commenting to check in.",joy
[NAME] playing sloppy,anger
That’s an insult to special needs people everywhere.,neutral
More worried about the multi-trillion dollars in entitlement programs than 5$ on a wall.,anxious
Clearly I need to run for President so that I can blame all of my failures on my run for President.,fear
"Imagine that, a powerful union. Maybe we should join one and reap the benefits!",fear
Well one of them is a dirty kimono wearing weirdo,anxious
Oh. That is unfortunate,sadness
so abused...,anger
"Saying ""no"" five-ten times then a reluctant ""yes"" to shut you up is not consent!",anger
> it will not make her look like an idiot It would be hard to make her look any more like an idiot than she already does.,anger
"No one ever laid on their death bed and said, “I regret not working even harder.”",sadness
"That is a valid question, I hope it can change, but admittedly that hope is pretty small.",joy
I'm glad I could contribute some positivity! All the best to you and your kids!,joy
love that guy,joy
"Look at OP history, they are trying to sell their app hard.",neutral
I don't know who is dumber here.,fear
The amount of empty seats at the Orange Bowl was pretty bad,sadness
these [NAME] impersonators are getting terrible,anger
Well one of them does anyway. His sister bites his ankles to herd him while he fetches.,neutral
Oh of course!,surprise
Several of the scenarios in the ad were talking about intervening when boys were attacking/bullying other boys.,anger
Your reading comprehension isn't very good.,sadness
What happens if you do this with bleed applied?,neutral
Rover has treated us well.,joy
That's ignorant as all hell. Tell them to buy their own.,anger
I you use a /s .... Don’t know what to say to you m8...,fear
I'm 25 and I still don't have a license. I'm terrified of driving and get anxiety every time I'm behind the wheel.,anxious
"""IT'S GET YOUR GAME ON! SAY IT RIGHT!""",anger
Sometimes all you need is to know someone else has been there and believes you can do it too. You got this. Keep it up!,joy
got a screenshot of the interaction!,neutral
Central Business District. Its where main shops are located normally in very close vicinity.,fear
"Just read up on that guy, not sure he changed that much since his conversion unfortunately.",sadness
Lol you wish it was that easy. Lying POS customers have the advantage with review websites sadly.,fear
Totally fair. I would be sad in your situation. :( I hope you find it. You're not wrong to want those things!,sadness
I live for this comment 🙌🏻 i just thought it was me getting older and losing touch with whats “trendy” but am glad its equally hated,joy
It's too bad they don't use that gorgeous high altar.,sadness
because my dogs wouldst know why I left. gotta give that little floof ball the best life he can have,neutral
Any chance you have a bank account information you want to share?,surprise
Any source on the college split the second time that outlines the stats? Interested to see.,surprise
Maybe next time... Hold that 40 pt L for now.,neutral
Never thought I’d see a comrade here,surprise
My ex asked me to tell her my steam password..... With more than 6000€ worth of stuff on it. No thanks.,joy
Damn. It's hard to comprehend how massive the USA really is.,fear
"Damn, she was gonna clobber that punk with the butt of that gun.",sadness
"These are all problems you're creating for yourself, not something she's doing.",anxious
I’m as terrified of Mr. [NAME] just as much as any sane person but I don’t think we should *burn* him...,anxious
That looks like total garbage.,anger
I started following the Lions in 2001. Talk about a bad time to start following a franchise.,fear
I can’t tell which shirt was 2 dollars or which was 5 dollars for example,fear
Shut up why do you even care about what people choose to do with their bodies lol move on and keep living your miserable and ignorant existence.,anxious
You're welcome! I wish her the best.,joy
If only I could bake a cake...or do anything productive when I'm feeling low confidence. I just lay in my bed and stop moving.,sadness
>Why are you so worried about my comments when you live in Wisconsin ...what?,anxious
"Given the shorts and tee shirts, I don't understand why these guys wear helmets? Is that just to conceal their identities?",surprise
Ouch!!!!! That hurt me just watching.,sadness
"That's awesome. I never realized it was attributed to [NAME], though.",joy
IT'S NOT FUNNY HOLLY.,anger
"Going by the dates given, this child was born in 1985. So Mom really cared about this in the 80s.",joy
We are very clumsy creatures. Eventually you just learn to laugh it off. *The crying comes later when no one is around*,sadness
Yeah I realised that a bit too late. I still wanted to further explain myself regardless but thank you for being nice about it.,anxious
"I think they honestly don't realize they're self-contradictory. It's not your ordinary, everyday doublethink...",fear
69 levels in one week?,surprise
Nothing cool about Infinite genders and Sexual confussion. Populism and Structuralism is interesting but as short term goals.,surprise
Nope. I’m not wrong. Flipper superficially inflate housing prices without substantively contributing to their value.,anger
Those all look like perfectly good cookies or is that the joke,joy
"Is this for an open carry? Or will I be limited to just owning at home, which is what I want anyway.",neutral
"Maybe because those are real, tangible things and not lines of code",fear
Shouldn't it be NAA?,surprise
"It doesn’t really matter what you mean, it matters what you say and do.",neutral
"[NAME] was the ""socialist"" freshman House Rep. I liked the most, but her recent [NAME] tweets are extremely concerning.",neutral
"I don't control the Lib Dems, shockingly.",surprise
[NAME] : completely unpredictable Bunch of them were standing together in the middle of the ring lol,surprise
I will not being awkward if I am being myself but I just scared,anxious
Cheese Most of my friends love cheese so much that I’m scared to tell them that I can barely even bring myself to eat it,anxious
"I can't wait till they invent that pill either, and for you to start taking it, for the sake of the rest of us. Fuck.",joy
When I think about [NAME] and [NAME] at the same time I get a fucking aneurysm from the stupidity.,anxious
"Quitting porn only helped with my performance in bed, other than that I’m still anxious as hell in social spots",anxious
"It didn’t help [NAME]. He should have invested in a crosscut, it might have been a bigger challenge to put back together",anger
"Not sure about OP, but caffeine tends to make many people more anxious (especially those with a co-morbid anxiety disorder(s)).",anxious
I've heard this is a form of self hypnosis such kinda makes sense to me.,surprise
the fact that [NAME] still exists is somehow the strangest thing about this,surprise
Lets get it ooooonnn,neutral
"If we'd reintroduce wolves to bathrooms, coyotes wouldn't be a problem.",neutral
Im so sad how that movie turned out. We could have achived something good,sadness
"Improved by removing the third panel, improved by removing garfield. What can we remove that doesn't improve garfield?",joy
Maybe he's just pretending to be.,fear
Because [NAME] want to control you!,fear
"Glad you had fun!! Did you all, ya'know? Did you all make plans to see each other again soon?",fear
This team doesn’t deserve to go the playoffs. Only [NAME] deserves to go. Is that possible?,surprise
omg you like totally caught me!!! i'm just a silly social media girl named [NAME],surprise
"Baby's face: ""I've been bamboozled!",fear
Yea just went yesterday and the woodhaven area didn’t seem too bad. Seems very country for being only 25min from downtown.,anger
"More like 11 feet up, but still painful.",sadness
"35k? That's just crazy. Mine was less than 2k, and that includes the wedding dress.",surprise
"omg what a nightmare, I feel for you 😞 is there any way you could order it online?",anxious
That's the only way us [NAME] can successfully learn the hardest language in the world. /s,joy
I don’t understand how college tuition has gone up 8 billion percent but Taco Bell still has a dollar menu...,fear
"I feel I should do this even after living here for 7 years, I've barely done any touristy things! Shame on me.",sadness
Etiquette Try to keep a positive attitude.,joy
"Oh don't worry, their kids were taken away.",joy
Let’s gooooo WHI,neutral
"She also has no experience, no accomplishments, no following outside of Reddit. She remind me of an overhyped college draft pick.",anger
"I reallllly loved the show. It disturbed me a lot, definitely. But I want more now.",joy
*oh god oh fuck*,sadness
Thank [NAME] for the adult spammers on my susbscribed NSFW subreddits.,joy
I probably wouldn't have responded out of confusion.,fear
I wonder if we will get to actually see the demise of their relationship. I doubt they will do it on the show though.,surprise
"Nah they did a good job. It appears you’re very mentally unwell, I hope you get better.",joy
[NAME] I almost couldn't finish reading this because it is me to a T.,anxious
I definitely get that vibe from this post. Or [NAME] was friends with them and didn’t get invited to the party lmao,neutral
"I'm after interesting things to read (like science, tech, psychology and etc.). So what's my place?",fear
This guy looks like a creep..... that other girl isn’t interested at all.......,sadness
Back to formula!,neutral
I'm surprised [NAME] let her post that.,surprise
"Dude, just keep killing her with kindness. She's the one that looks bad, not you.",neutral
"You mean, you actually want them to try to win? NO WAY! /s",surprise
We all do it sometimes don't worry.,anxious
"Oh, goodness!",joy
Not cheating and not using exploits is honorable. Other opinions are not relevant imo.,neutral
It would be terrible if he died and they put his head in a jar or something,sadness
What something is missing? Curious on your thoughts,surprise
I was trying to make the point that the patient is still having a seizure; it's just not visible because they are paralyzed.,anxious
[NAME] combat is terrible and the only reason I don’t play it anymore,anxious
I'm guessing HIS blood type is mountain dew,neutral
"Jfc, that's depressing.",anxious
Don’t tempt me!,anger
Any proof for your statement regarding [NAME] being a PKK cadre?,surprise
"I think they'd do ok (Sorry but as an INTJ a lack of my thoughts here is also bothering me, too)",neutral
"Really!? I thought it had, or at least it should. Guess I'm better off leaving too",surprise
whyyyyy !!!! ughhh,neutral
"5'11"" [NAME]. He's basically 6 foot, so I must be missing something here.",fear
Different pipes go to different places! You're gonna mix them up!,anxious
That's why many places have it at 18 or 19. It's not like 16 and 25 are the only options.,neutral
I’ve thrown up,sadness
Is it survival? If so I'd love to join!,neutral
I hate people who have the blinders on when it is one of their friends,anger
"Can you explain what you mean? I read this as you would allow someone to insult, emasculate and demean you.",fear
"I imagined as much, but I wasn’t sure, thanks for the clarification.",joy
"When I was in college a girl in my dorm asked me to ""stop using big words"" because I used the word ""duplicate.""",fear
"then explain to me why everytime I post reply to u/955bsp, in an old post, you start spamming me",surprise
"Meh, the liga that we all knew and loved went away when [NAME] fled to Italy",sadness
So sorry for your loss.,sadness
I'm worried he choked to death before he could finish the sentence.,anxious
"just realized the pic is unrelated kinda, whatever though. proud of me despite my anxiety about puttin myself or there",anxious
"Okay, that was actually shocking.",surprise
Hey what a coincidence so is a human head!,surprise
Now I'm worried that cat will get salmonella :(,anxious
Yea it’s so weird,sadness
Just got the Ultimate edition and it's already my favourite game of all time. I just wish everyone could agree [NAME] is best girl,joy
"Same for me, feels like i've been made alone just so my brother can get all the attention",sadness
I don't understand why [NAME] is starting it on the feet..,fear
"Nah, I'm good. But thanks.",joy
"I stoped telling story because ''[NAME]""*. Drawing makes me look intensely people to measure their ratio and understand their shapes. That's my new fun",joy
Our [NAME] is going off bro. [NAME] is gonna out-Jack you off.,sadness
"Ooh wrong answer, but you'll have another chance to win 10,000 dollars in the lighting round! Will be right back after these messages.",anger
I’m still waiting for a sick dunk from [NAME],sadness
So much lonely,anxious
bored waiting for the game [NAME],neutral
Borrowed time is stupid,anger
This is the noise I make in my girlfriend’s ear while y’all are still scared to moan,anxious
Mini sun because rain pouring on you constantly will ruin everything around you like electronics,fear
If you all keep nagging me with this question I will turn this car around and then *no one’s* getting to watch the trailer.,anxious
"Of course he’s doing it to get laughs, because when you dumb something down enough it appeals to more people.",neutral
At least the repulsive sex scenes are helping me maintain my diet,neutral
"The ""dad"" in that Pizza Hut commercial looks weird af",joy
I didn't say it was soulless.,sadness
How about a downvote for the update?,surprise
Better late than never sadly I can see another label scooping him up,sadness
Are you talking about equalization payments? Because BC doesn't get equalization payments.,sadness
Oh look [NAME] piggy backing attention at the end there.,surprise
[NAME] is scared out there. Didnt want the ball,anxious
"Thank you for the update, I’ve been stressing about the shutdown and lines. This helps.",anxious
Maybe they mean like older kid free? I'd contact the coordinator and ask them if your baby is okay.,fear
"I used it for a while. It made me way more sociable and generally happier, optimistic Less anxious and stuck up Until it didnt, so enjoy it while it lasts",anxious
I still think he should have been the first goalie in the 2014 World Cup. But alas that injury ruined everything.,anger
[NAME] back with the Goal Post love.,neutral
70 year old me doesn't give a fuck just piss or get off the pot!,anger
[NAME] was half-blood but it wasn't a smart idea to bring up his father.,neutral
I see why magic fans want [NAME] off their team.,fear
"Don’t take this seriously man, I was joking.",joy
Maybe it’s a cultural thing? That’s the way we do it in (I assume from my experience) Canada.,surprise
[NAME] is already gone and he knows it. No way he’s re-elected.,joy
She reminds me if [NAME]. Half haked pictures with vague sayings. Ugh,anger
I won’t but if I tell him to have a threesome didn’t I open the door for him to cheat,neutral
He said he says it on his own but I don't want him to say it at all. I feel like their bio mom hates me,anger
"Yay, just in time for the commute",sadness
"There is no such thing as ""objectively wrong"", so, no, it's not.",anger
"Search President Dump, [NAME] and [NAME]. Honey you fine af compared to those turds.",neutral
"[NAME], what? That's pretty hilarious and disgusting.",sadness
> so much misinformation > No hazing or violence tolerated whatsoever Lmao wut,anger
"Because you didn't realize MEPS was an acronym? Yeah, definitely taking anything you say to heart. Piss off depper.",anger
who's to late?,neutral
"Seriously? That’s so frustrating. It was [NAME] time to go, some of these “fans” are disgusting.",anxious
Is that [NAME]?,surprise
"damn, i always get in on these too late",anger
Holy shit it actually did... how,surprise
Who's cutting onions?!,sadness
May we all strive to be like that man.,joy
"Yeah, but the sound of a fork against the stainless would be absolutely unbearable.",neutral
Bee happy! ' v'),joy
Is this season 7? I don't remember it.,surprise
"See, guys??? It’s happening!!!!",neutral
"[NAME] damn it, dude. Are you trying to ensure every gun owner in PA votes red? Because that's how you do that.",surprise
"Isn't that the ""help me, I'm being hunned"" distress signal?",fear
This part. I don’t know how so many people my age group have optimism. It’s not just about your money either.,neutral
Does that work for the WSJ? I haven’t read an article from there in a year.,anger
"Oh, it's definitely working and that worries me a lot.",anxious
Cant wait to start working my placement around that area!,surprise
"Oh you'd like that, wouldn't you?",fear
No thank you 😉,joy
3 hole punch rick.,neutral
So like most of the pros you got more time to play blackout. Which is the only good thing about this game.,surprise
One wrong kick can end oh so horribly,anxious
I used to have anxiety when calling people but I no longer have them at least just 20-30% anxiety.,anxious
He said this awhile ago. His splits away from coors scares me.,fear
"Blizzard was working with Activision long before Hots. I'm afraid its too late now, to divorce.",fear
You should have noped out of the whole thing the moment the racist with a racist character came into the picture.,anger
Wow 4K!DS Kaede looks kinda decent,fear
I want to hug both of them.,joy
What a cataclysm,surprise
Just about to say this!,neutral
"Jitter mod SG12 has been a thing for awhile now, it's a wonder you're just now seeing it.",surprise
Still a statistical minority by a great deal.,joy
Gotcha. That can happen sometimes too but make sure you follow up with your gyno just incase.,anxious
Practice your speech before hand. In your head and in the physical world. Then keep doing it until it no longer scares you.,anxious
Obviously not real but damn i wish it was.,sadness
I'm a guy and I'm squirming. My wife asked me what the hell I was reading and I told her. She said wtf really loud.,anxious
Does this attitude go for anything where you accidently end up killing someone via stupid behaviour?,fear
Love and marriage,neutral
Why isn't India banned? One of the most [RELIGION] countries on the planet.,surprise
Sad for the people who contracted measles. Angry at the parents who didn't vaccinate their kids against measles.,anger
Stop opening the pictures. Stop giving her the attention. Go no contact and watch her come running back to you.,anger
I remember being three years old and feeling mortified and frustrated that my preschool teacher and classmates were freely dancing to ridiculous music.,anger
"Guess we don't need to be afraid of hell, then, 'cause we can easily get out.",anxious
"I've been exposed, time to go into hiding.",sadness
"The climate change committee is pretty toothless and would rather see it have more power, happy it exists at least.",neutral
Already taken haha,joy
Probably just do the job and try to work out your anxiety rather than taking the path of least resistance which offers no character growth. Best of luck,joy
[NAME] and the Chicago Wolves (I'm so sorry),sadness
Did you know that [NAME] and [NAME] named one of their children after a suburb in Pretoria? How cool is that!,surprise
Osaka making me nervous,anxious
Uncle [NAME] doesn’t deserve this,neutral
I took in a friend of mine and creating a vanity for her (she loves to do her makeup) is honestly one of my more cherished memories.,surprise
"You all are looking at this guy reading this book, but ARE YOU SEEING HOW HAIRY THIS GUYS ARM IS?!?",neutral
Wonder what the sub’s average age is.,surprise
"[NAME]?! [NAME]?! [NAME]?! What a minute, I have a call on the other line. [NAME]?!",neutral
I’m literally shaking right now😫,anxious
He played in the [NAME] and [NAME] era so it’s hard to get the spotlight for those years.,sadness
"You don't have to act angry about things that annoy you, though.",anger
Whaaaat? I thought it was a perfectly normal childhood disease that posed no threat whatsoever! Why is she scared?,anxious
All the centrist liberals in the comments are furious...,anger
I just have a controller on my desk that I turn on when I fly. I've always hated mouse flying.,anger
"Ah, yeah. That's the trouble with anywhere that isn't London/NYC, especially if you speak English.",anger
I'd worry about traffic more than the TSA.,anxious
My 2 favorites 🔥,joy
Stafford Starford Starlord OMG!!!,joy
Damn we needed that layup,neutral
[NAME] and [NAME] ... I guess we drank a little too much...,fear
"I'm concerned for my fellow redditor. You seem to not be feeling well, and hallucinating. Shall we have a mod come check on you?",surprise
"I don't remember, it was all very hazy...",sadness
"When [NAME] and [NAME] left because they were a bit too male, I guess. Get woke; go broke.",neutral
This is so bad and I really don't get that politicians or party's like ovld don't realise this. Why block actually defends this.,sadness
Well it would be a man telling a man with no shame how to dress...,sadness
[NAME] they need a union so badly.,anxious
"Wait, this is an INDUSTRY person? Wtf.",anger
I remember the Lions under [NAME]. Just no.,fear
Just search her in this group you will find tons of info to see why people think that. I don’t have time to type everything out,joy
"I feel bad for her, talk to her :(",sadness
I will take 10 more years of overpowered Tracer before I enjoy having Brig as a counter,neutral
"My wife is a [NAME] nut and I'm the Mets fan, this broke her.",anxious
"The last hour is great, but I would definitely say to at least leave 15 minutes before close so you can avoid the crowds in the street.",joy
Holy crap! I want to hear this story!,neutral
Yeah it’s ridiculous. I mean I’m crying about the model but I still spent the money lol,joy
What do you do for work?,surprise
Insane dva player nice,joy
Probably scared they’re gonna get flashed by a camera.,anxious
Thanks i hate it.,anger
"""Help! It's an educated brown woman! Help meeeeee!""",sadness
"Yep, the presidency isn’t at all related to the 22nd amendment. Be gone, chud.",joy
That was brutal as hell. Loved it,anxious
> Or is this another attempt to get remainers on-side without actually committing to anything? Pretty much,fear
"The middle was an analogy. No one here condones terrorism, as that's attacks on civilians, Destruction of financial buildings isn't that.",anxious
This is a family friendly sub; please don't say the McC-word.,joy
What a pathetic reply. I know we’re all supposed to be nice here but c’mon.,anger
Thank you for reminding me about how much I love the JJBA abridged series.,joy
Box rental? What year are you living in?,anger
I'm not a miner. I'm not a service but I run a full node for experimentation and learning. Do I help or hurt decentralization?,fear
I would have tactically thrown dynamite and blown my self up about 2 seconds in.,fear
That's the worst urinal ever.,anger
"There are good reasons but you potatos just brush it all off with ""hurr life is bad cause bad things happen sometimes""",fear
[NAME] getting injured definitely didn’t help.Mou’s first Chelsea team was on a whole other level defensively,fear
Coming from [NAME] even though it’s a hypothetical question it’s still gotta feel scary,fear
If you crack the code for getting a city job please let me know.,neutral
I feel so sorry for [NAME]..,sadness
good thing i never called him a journalist and wrote multiple sentences about how his comedian instincts make his interview show bad.,sadness
"I am seeing my GP next week because I've been having other, more problematic thoughts. In NZ therapy is free if prescribed.",neutral
"[NAME] for reasons of his ACL. Although, assuming everyone on the list was fit to play, I'll say [NAME].",neutral
This!!!! Just. THISSSS.,neutral
I see. Do you think my best bet is to buckle down and earn some OTR experience?,surprise
"Absolutely is, sorry. I just came by to say Howdy back until I saw all the hubbah. [NAME].",sadness
So it’s part of a series? Because I feel like [NAME] is in every other video game in this art style,fear
not at all. Hong kong streets and roads are super narrow. I get claustrophobic there.,anxious
It's a shame they have [NAME] because a Vuc package would be ideal,anger
You explain to him that passing efficiency stats are garbage and are a terrible way to judge a QB's performance.,anxious
Well.... fuck,anger
"Then who is it? I've mixed results with all fighters, but I definitely lose to [NAME] the most.",sadness
Oops! The bottle was so oily it slipped outta my hand and into the trash!,sadness
Just grip it and rip it!,neutral
This was my biggest problem. And I'd want a nap too. That's why I have to shower at night.,sadness
"I'll think about prime, just heard a lot of negative about them that spooks me some.",anxious
Minimum wage hurts small business more than it helps the poor.,fear
Worried about it escaping....now that's fresh food.,sadness
I always worry about my facial expressions. You're not alone there.,anxious
Opposing ethnonationalism and private property is hardly a weird hill for an anarchism to defend,fear
BITCOIN SEND MONEY INSTANTLY (waits 6 months to get money and still praises site),neutral
"I've been putting off scheduling a dental appointment for a week because of this, I'm just too anxious to pick up the phone and dial.",anxious
[NAME] hand must have burned holding that blasphemous law book.,fear
I have the same issue with a new co-worker and it drives me insane.,anger
That's why imo [NAME] death is better.,sadness
"As of right now, [NAME] is the better overall player.",joy
I’m sorry that happened to you but it’s I can imagine I know if it was me I would forever feel Guilt.,sadness
"Been looking at Panthera, will take a look at RAP N. Thanks for the consideration of my big hands :D",joy
"What pieces of gear are they? That’s my dream build. Like what gear combination for head, arms, chest, weapons, etc",surprise
GAA' isn't a sport...,surprise
She better!!! .....nobody else will,joy
"I’m in a similar situation, but mine is my spanish teacher she favorites the boys, and she really just hates me",anger
That’s horrible. I’m probably going to donate to them I can’t imagine not missing out on a season because someone stole.,anger
"I really want [NAME] out of these two, but I’m curious who he would tap as OC.",surprise
I'm surprised he didn't say it was *almost* an inside job,surprise
Your username sort of checks out? Lol,joy
Redskins were the best team in the NFC East until [NAME] leg snapped in half,sadness
I was wondering the same thing?,surprise
"Hey there, Sorry to hear you were running into connectivity issues. How often do you see that error and when did it start happening for you? ^ET",sadness
"[NAME] is getting frustrated and [NAME] is playing well, not much between the two last few points. Finishing it off is going to be a challenge for [NAME]",anxious
"Having a bowel movement, changing feminine product, doing makeup, etc. It really just depends on the situation. I loathe being rushed.",fear
"Definitely bitter, lol.",joy
lol too real,joy
oh right that was a huge leap my bad,sadness
"It’s not really a surprise that sick people consume more healthcare resources than people who aren’t sick, is it?",surprise
"not really. but those people that go out of their way to say stuff like ""have a blessed day"" or whatever kinda creep me out.",anger
"Not sensitive, just scared that a sub I enjoy will become divided and will have in-fighting.",anxious
"Nobody panics when a remake goes according to plan, even if the remake is horrifying!",anxious
One dumbass who hasn’t watched Hereditary complaining about meaningless awards on the Internet means... eh. I lost my point. Go watch Hereditary,sadness
At this point they should start playing Sweet Georgia Brown over the PA system...,joy
"I forgot about the ""perks"" of a growing subreddit.",anxious
"You’re not going to win, so you have nothing to worry about.",anger
I find sativa makes me paranoid/anxious as hell. Indica calms me down more. Smoking too much of any strain makes me anxious by time though,anxious
Avoid. Without a contract he can kick you out at short notice any time And when you pay a deposit make sure it's protected.,anger
Wait and do what ever it takes to get [NAME],neutral
I love how you're making an assumption to try and make a point.,anger
he wanted to piss off his neighbor next door that yells at people fir walking in his grass.,anger
do you......do you actually believe this!?,surprise
Lol ok. So saying a garbage clip doesn't belong at the top of a gaming subreddit makes me a [NAME].,fear
Thank you thank you!,joy
I can't miss a chance to post one of my favorite gifs ever! 😂,joy
"Maybe a parsing or comprehension issue, but are you sitting in the water after you pee in it?",fear
He’s been in power for years and gays being murdered in Chechnya isn’t new.,anger
I always worry about my facial expressions. You're not alone there.,anxious
That chick at the end. She just gets sucked onto the floor by pure sexual magnetism. 😂,neutral
I’m scared.,anxious
Lmao why does every sw fan have to be so melodramatic,surprise
"I'm not sure anyone has asked, and feel free to not answer. But is your feeling that the team definitely favors [NAME] right now?",fear
"yes, please do I'm worried about her D:",anxious
I second this. 3 months is early to really know someone anyway. She could want kids for all the wrong reasons and you wouldn't even know.,joy
Gives me physical pain thanks,anxious
What did it say,surprise
"Because shes fake and selfish, I get a really fake vibe off her like shes playing a role and has no feelings",anger
"Typical humans, diminishing dog's accomplishments.",sadness
You'll feel better about yourself if you don't act like an asshole to people who care about you.,anger
"Oy vey, [NAME] 🗑 is gonna be *pissed*!!!",anger
"Thanks dude, speaking of the Sahara thay is how dry our texting has gotten. Any tips to spark it back up?",joy
Would be interesting to see a referendum where only UKIP and Lib Dem members vote.,joy
I don't think you've ever seen the dsm. If you knowingly do something stupid you don't deserve anything but what you get,anger
He was in a state of shock lol,surprise
"Yeah, they have uniforms and everything. It’s really great.",joy
I'm getting worried,anxious
Must be so frustrating having the wrong old man facing their own shutdowns.,fear
Get Flonase. This thing work for me.,neutral
Dont forget [NAME]. He was a reliever converted to starter. Hes got some ridiculous pitches just needs to work on consistancy,anger
optic & losing to aches at champs,neutral
That’s what I’m terrified of.,anxious
"Literally everything. What has happened, what is happening, and what will happen, all at once somehow.",neutral
hahahahahahahahaha that post history oh [NAME] mods please dont delete this its too good,anxious
What prompted you to change? Just curious. She does have a tinge of perfectionism.,surprise
"Well what's that old saying, those who can do, do. Those who can't teach.",anxious
This is what unions are for. The great only appear great because we are on our knees,anger
"Poor lady, she was the mother of a friend of my wife, and she went to school with my father in law :(",sadness
"But that makes even less sense. The government is having a hard time collecting taxes, therefore people are poor?",anger
I can’t tell who you’re referring to.,fear
This is the only viable way out of Brexit.,joy
I thought it was funny.,fear
I feel digestive regret just looking at them.,anger
photos taken moments before tragedy,sadness
Is this in New Orleans?? I really feel like this is New Orleans.,surprise
"Hey man, if you need the Chiefs to lose to bring you any sort of pleasure I get it. But at least be classy about it!",anger
Yeah but FGM is basically like cutting off the head of the penis entirely. I'm uncut myself but I get why people do it,fear
Nah I dont think the panthers are good enough,anger
migraines suck. Hope you feel better.,anxious
"Aww!! Thank you! I had fun making it, I also ADORE [NAME] 😍",neutral
Found the selfish and shitty anti-vaxxer in the thread. How many of us have to die before you get your fucking kids vaccinated?,anger
I wanna die,sadness
I'm REALLY glad the guy saved him but seeing him so pitiful and scared really lingers with me. :(,anxious
Correct What the fuck is the AAF is what im asking.,anger
I don't remember this happening,fear
"Yes, I know. But thanks, no damage to the second car and just some scratches on mine.",joy
You're not the only one. I for one feel stupid for thinking 100t shouldnt be having problems with such an easy pool,sadness
"Spoiler: you might be depressed, go find out if you are, then come back.",anxious
U will hate it shortly,anger
Aaaay [NAME] unite against the magical sky fairy!,neutral
Guilty as well!,sadness
Sorry your right,sadness
I think it has more to do with them deriving a sense of identity from work. Remove the work and what remains?,anger
What a pain. I don’t understand the tantrums whatsoever. Respectfully decline or express incompatibility and some of them just explode out of no where! Smh,anger
Do you have any original thoughts? ...or any at all? 18 days; going on 100! Happy New Year!!,fear
I was linked the unarchived link and it has some important updates. Wish the OP wasn't so salty and linked the actual,neutral
"Damn dude, can’t believe I never considered this possibility.",surprise
Child labor laws are ruining this country,anger
Damn... I’m not surprised though since everything is super close. With 0 traffic.,sadness
"The irony is, she's probably been wishing for death for far longer.",sadness
not in the slightest. im actually dumbfounded.,fear
Does she sleep with them all at once every time they hook up?,fear
"I would prefer this over her being a completely random person, which makes no sense and was a tremendous misstep in this family saga.",anger
I feel you. It's weird that we don't see [NAME] or [NAME] in the promotional stuff though.,anger
Just tell her you're going to get tested and she should as well just in case.,neutral
I dare each or any of you fuckasses to try and blame [NAME] for this one,anger
Yes. Ask him out. Give it a shot. Talk with him.,neutral
Yeah it’s the opponents club that should be scared of us! We are REAL MADRID!,anxious
Why not both,surprise
you are pathetic.,sadness
it's been like this for a couple hours now and still not fixed,anxious
"Insofar as the Church has definitively ruled, it has been against evolution.",anger
I almost feel bad for China.... but the culture has a major problem with having 0 morals.,sadness
Boogie Nights is my favorite movie by the way,neutral
"From ""woohoo!!"" to blood curdling screams in a matter of seconds.",fear
What are these other non stick options?,surprise
Just wondering why they called the cops but not an ambulance seeing as how he was covered in blood and disoriented.,anger
[NAME] HIMSELF COULD NOT SINK THIS SHIP!!!,neutral
The best part of froyo is getting to do it yourself. Robot is useless and bad at it's job.,anger
How is it a risk to the vaccinated kids?,surprise
I'm so nervous!,anxious
Probably the thief trashed the place,surprise
"It's 2019 and people are *still* saying ""SJW's?"" Ha! Hahahahaha! Oh my life. [NAME].",surprise
"[NAME]? Didnt have have lots of problems with injuries. He seems to be doing fine now, scoring and all.. But why him?",fear
"But one-third jokey, one-third pissed and one-third dead serious just doesnt have the same ring does it?",surprise
Refreshingly low upvote/downvote ratio.,joy
"Anarchist to cop: ""Stop beating people!"" Cop: ""Stop imposing your morality on me, you lifestylist!""",anger
Hey! Your mom sucks.,anxious
Its ok we all know you suck scrub.,joy
[NAME] is good but he needs to never take a midrange shot again,joy
"I love everything I have ever made in mine, but recently it's mostly used to hard boil eggs.",joy
"LOOOOOOOO - ""why are they booing???"" -OOOOCH ""oohhhh that"". I always forget, every single time",sadness
Well this is frustrating.,sadness
happy cake day!,joy
Some of them are delusional and believe their victims want it,neutral
"Absolutely not! If religions didn’t exist on this planet, we would be a far more advanced society.",joy
Incontinence is a terrible thing,anger
Maybe 5-10 games in the g league would help knock some rust off?,joy
Enjoy your gold!,neutral
I don't even know what this is referring to. East Midlands airport? Please post a link.,fear
Option B for sure. But with more roundabouts plz.,anxious
Sometimes you just have to laugh.,neutral
Well at least ESTA didn't exist in the 80s,neutral
You had a tough childhood :(,joy
You sound scared,anxious
Got any examples?,surprise
Why would you mention [NAME]? Lol,anger
Damn furries. We don't have animal ears!,anger
>![NAME] get the crossbow before it's too late he can't breath oh [NAME] please hurry im shaking and crying rn!<,anxious
I’ll be there later this year. Can’t wait.,joy
mtv has agreed to take some of the load by having them on...i wonder if they get paid per appearance or flat season fee.,joy
Its not... your fault,joy
"“Jinkies, unmasking the monster is such a pain... Nyeeeeeeeeh~.”",sadness
I feel attacked /s,fear
Gaaahhh. That one would hurt.,fear
So is the OP still permabanned for no reason?,surprise
It is a racist nickname because you're literally using the man's race as a means to criticize him.,sadness
You always choose mum bro. What are you thinking,surprise
"Like it was over wayyyyy too fast for a real one. Shit, the Taliban lasted for years, and ISIS is still a huge problem.",fear
He seems to think that will take too long. I guess he’d rather complain to me.,fear
Nah man [NAME] gets made fun of more than anyone lmao,joy
"As the global wealth concentrates into fewer and fewer hands, I for one, welcome our neo-feudalist world order.",joy
"Go for it, it will be a new experience it may not go good but you'll learn someway",joy
"He may have, I was more worried about the ""running and shooting the AR one handed, off to the side"".",anxious
plz no foul trouble,anxious
Thank you for being open to self reflection and for sharing this.,joy
Why is it that young girls seem to idolise serial killers? I had a friend like this and never understood the attraction. It's scary,fear
I'm getting worried,anxious
I drew that Godzilla!!! I'm OPs friend btw.,neutral
Lmao what's the difference neither one is refrigerated. People are fucking stupid,anger
"Yeah, I was thinking my boy was into them before that. But I doubt Panic! At the Disco would have peaked his interest.",anxious
"I'm thankful every day I was in school before the Internet, smart phones and social media.",joy
"**Post submission rules** * No compilations, unless all videos are from the same driver or cam or car.",neutral
oh I relate. I’ve spent many a hour on that game (;; . _ .),fear
What?! I am level 20 and I already had 4. I did 5 hide outs in total not counting the tutorial hide out.,surprise
"Poor kitty. All you can do is give her extra treats, playtime and cuddles.",neutral
"They have a local government which governs their reserve, which is elected democratically. It’s their government, it represents them not anyone who is non-indigenous",fear
"Keep stalkin me friend, maybe you'll learn something.",joy
Haha didn’t even notice. It’s staying.,joy
"I hope you’re trolling. Anyway, have a good night.",sadness
He still has less health than [NAME] despite being slower and bigger and literally revolving around trading.,anxious
Yes but what other sources are there?,surprise
I'm gonna guess other people in the Texans org don't feel he deserves the credit you're giving him.,surprise
We really missing JV,sadness
"would you kiss a girl if you're drunk tho? Edit : why the downvotes? It's just a question, geez",fear
Oh yeah? Name one nature reserve or park and how will the wall affect them?,surprise
This has to be the 7th time this was posted,sadness
I'm a [NAME]. FIVE HUNDRED TWENTY FIVE THOUSAND SIX HUNDRED RHINESTONES!!! Edit: hmmmm,neutral
This is the worst I've ever seen. It really is,anger
"Hey, I described you in the OP! Everyone's doing it so you have to too, otherwise *you* feel like it's unfair.",anxious
By the end I was I hysterics. Not a single reply from the wife too.,anxious
When people bring up rape culture they mean stuff like this. Because yeah it’s been out and swept away and not raged over,sadness
This gets much worse on the 2nd loop.,sadness
Yikes that made me tense up. Not sure I was breathing. 10/10. Very painful looking,anxious
Not just commercial property owners. Large stakeholders such as HOAs of condo owners were also involved.,neutral
Its probably just related to something she is dealing with. Stress/anxiety often causes nightmares. But there are plenty of potential,anxious
Thank you for these helpful points. I’ll read them again later.,joy
This must be what blasphemy laws felt like in the Middle Ages.,fear
Being seen as a human being. Dating and relationships Friends Most girly clothing,neutral
"Both Islanders goaltenders support [NAME] and they are having career years, coincidence? I think not.",fear
Good for you to get out of it!! seems like a nasty example of narc abuse. No contact!,anger
"What am I supposed to understand from the phrase ""1v1 fam, a duel"".",fear
GET HIM BACK!,neutral
Can someone please explain why is it illegal and where? Never heard of this before !,surprise
"Australia? Edit: No, [NAME], but awfully similar to the situation here in Australia.",surprise
Happy cakeday 🎂,joy
Never thought I’d see a comrade here,surprise
I’m hoping! She wasn’t bad at all in this episode!,joy
woah this is a reversal of the norm you took a meme from instagram to reddit,surprise
"After they put the bullet in it I wouldn't be surprised if it got scaled back even further, considering just how much of the community up and bailed",neutral
"Heroin definetley isn't safer than Ritalin. The whole reason people prefer prescription drugs are because they are cleaner, thus safer",joy
It’s amazing what they can justify to themselves. I’m not sure if I can believe anything out of her mouth anymore.,surprise
> This is wrong on so many levels.,anger
Context doesn’t exactly make state murder of the “stupid poor” better.,sadness
Am I getting old or is that just really dumb?,fear
"Can I comment on the lost opportunity/remarkable restraint by [NAME] to not have a ""MLK I Have a Dream Mattress Sale""",surprise
Man I wish that was a real sub,joy
In my mind. I forgot everything :(,sadness
"The government won't let scientists do studies on it, so we're stuck with anecdata until they stop being assholes.",anger
And suddenly the UK join doesn't look so bad.,sadness
It would bother me so much to be so dependet from a Person. I am sure there is a way you can go without a person sponsoring You.,anxious
Says the guy not replying to any counter points lmao,neutral
"Much appreciated, do you not play often?",surprise
im shaking and crying right now this is so powerful,anxious
She really tried to make sure it seemed i was at fault too. Now i'm thinking that she just wanted a way out/wanted a scapegoat,fear
"Ah ok, that I did not know, I guess my point is they should just listen better to the players.",joy
>Focus on yourself and do stuff to please others!,neutral
Mixed drinks are tastier. And I hate raw clear spirits in particular.,joy
Is it any different to the poorer suburbs out west? I feel like it's only noticed because it's so close to the city.,fear
The bitch doesnt need drag race (bc shes amazing) but im still sad.,joy
Is it allowed be recast in other languages (like spanish)?,surprise
">Dupage county Dupage County just elected a Democratic rep, what on earth are you talking about.",surprise
[NAME] goes to insults when you have nothing smart to say. goodbye,anger
"Is it really beneficial to link egregiously misleading articles? Ah Huffpost, Buzzfeed, Breitbart, Fox News etc—the pillars of journalism.",fear
There were two attempts. They didn't launch very well,anger
"I get all my cupcakes from Randalls, however I wanted to try Central Market recently but interested in how I would get scammed.",neutral
pretty ironic this was recorded,joy
Cows should only be milked by their calves. That’s kind of the reason why cows produce milk.,fear
well wj=h [NAME] allows evil and why he burns us..free will cant tmake sese from a god that KNOWS what will happpen,neutral
"Fly, you fool!",anger
"Congratulations, that joke has only been made 89,401,327 times on reddit before.",joy
did he give up out of embarrassment having knocked back chicago for us and then not getting to join us.,surprise
No. It’s slower and takes more calculation but it can be done. That’s why it should be practiced.,neutral
Seriously? I couldn't even remember the dude's name until about halfway through the season honestly.,surprise
This was touching and certainly fits here on r/bestof. But can someone explain how it started? How did someone know he's depressed? I'm just confused..,fear
Partywolf had 178 losses in a row? Are you seeious? I can't believe that,fear
"My first day with them off was quite anxious, but it got better!",anxious
Yupp. If you drive down South Broadway you can see SoBro spraypainted on some buildings.,neutral
I was actually thinking about that during tonight's episode. I don't think the show would last long without [NAME] though.,joy
[NAME] and [NAME] for Trout?,fear
"The reaction is incredible. I’m quite certain it’s satire as well, but its impact is depressing as hell.",sadness
"eh, it has its ups and downs.",fear
"""Why everyone hurts me?""",sadness
Yep first to go crying to the government but happy to bully single mums on the benefit,joy
Is that were its from ? All i know is since i was young that is scary af !,fear
It's not a question of law; it's a matter of school policy.,anger
We're in this together! Pandora's box has been opened! There is no turning back!,anxious
It’s not as self serving maybe. But Democracy is definitely still self serving,anger
"Oh, it was THAT episode?",surprise
What made you so interested in great whites?,surprise
It's Shrimpy ( I'm pretty happy with it and the telegram is decently active too,neutral
I don't think we could afford the expense bill for coming out of a pretty cushy retirement.,anxious
This is like that SNL sketch. EDIT: For anyone wondering what I’m talking about.,surprise
Gentile is a perfectly fine term (not as coopted ironically by the white supremacists). Do you disagree?,surprise
"Cool! My [NAME] was in the Maori Battalion, I always wonder if there’s any photos of him floating around out there.",surprise
Goddamnit [NAME] back at it again...,anger
"I did hear that [NAME] is friends with [NAME], I think on the SC sub. This was probably like a month ago. Could be.",fear
He’s not a young offensive mind and that offends people.,anger
when only rich people got elected and passed laws...,anger
Some tournament organisers pay the orgs and allow them to pay their players. Hence why I was curious.,surprise
"If we change the definition of what we are, maybe women will want to fuck us! -incel logic",fear
Maybe they just like having a day off- something that is rare in our culture.,neutral
[NAME]. Think there’s some controversy over how common that was though,fear
"yea he had 6 assists which created 13 points, if he had 13 points and no assists people would be calling it a great game for him",surprise
"Me, joining in everyone in the room saying it when she appears....",neutral
Aren't they concerned about your weight now?,fear
also anxious that people will be angry or surprised or upset at me for me never telling people about this before,anxious
just asking a question... like I said I haven't been watching other teams much this year so Idk what players values are like right now...,fear
Yes I would rather have a government agency waste the money on food stamps. Right wing moron.,surprise
"My girlfriend hates it when I'm playing videogames, so there are definitely some women, especially from certain cultures that think video games are just for kids.",sadness
It's been pretty mild in New England but we got a massive storm coming to change that at the end of the week,anxious
Can’t fault you there,fear
This was driving me NUTS!,neutral
"Yup, I'm sick with a mild cold",anxious
"Other form of distractions such as shopping, reading, media, being here and also being surrounded by people I find attractive :-/",joy
"I can only speak from my experiences, but I have [NAME] and 3 siblings, 2 of which are extremely social.",joy
We'll worry about it tomorrow,anxious
"That looks like before Fox even owned it, I was surprised to see it's almost been 30 years",surprise
There’s a fairly strong intersection between white supremacists and antivacs from what I’ve noticed,fear
how sad you feel about this makes me sadder than the actual story lol. you sound like a really kind person.,joy
"I’ve gone through it before, and it sucks. I’m still a little hazy and withdrawn.",sadness
"Is there anything more conclusive, recent, and far reaching than a survey in 1988 Arizona?",surprise
"Unfortunately, the DM is [NAME].",sadness
"But all-Korean teams don't always do the best in OWL/Contenders, look at Outlaws v. Seoul, etc...",neutral
"Wow, that was fast",joy
"""THESE SJWS ARE RUINING TABLE TOP GAMES"" oh wait that subreddit is /r/kotakuinaction",fear
"That first one is quoting lyrics (with the addition of potato) by Dire Straits, Money for Nothing. Prooobably a troll.",neutral
"Possibly, but not if it actually succedes",fear
My nuts hurt watching that second part,anxious
"It's much more common in English than in German, weirdly enough.",neutral
"Don't know if it's a full moon tonight, but holy hell have the idiots and a-holes come out in force",anger
Probably because the person who sent the email doesn't know exactly what they do other than report it to the feds,fear
That's what I heard. 🤣 I'm just curious if calling the cops on [NAME] would hurt him or not.,neutral
that's a lot of karma!,fear
It feels like an ironic meme. How is this not ironic?,surprise
[NAME] here...that guac looks horrible,fear
[NAME] this was hard to get through. Please crosspost to r/sadcringe,sadness
My question is for [NAME] and [NAME]: What would be the one piece of advice you would give to aspiring Overwatch coaches?,surprise
Shows you how important posing is...,fear
It's amazing the people here supporting the [RELIGION] church and the child molesters over duterte... I wonder why.,surprise
I mean there's a pretty big community of people that idolize school shooters and rapists so you never know on the internet.,surprise
Short and simple... More embarrassing being a janitor or being in the unemployment line?,sadness
Oh fuck. Is that legal?,surprise
"Yeah, but what if he didn't have a camera? You see it in Russia all the time, which is why everyone has a dashcam.",surprise
Its a bit weird of them to recommend you a song by The Strokes after they told you their offer,sadness
That's really sad and shocking to hear this Really embarrassed to be a human being on this earth...,sadness
Happy Birthday! ✨,joy
There are tons of great places on the fringes where you’re guaranteed good loot and a vehicle.,joy
[NAME] is as intellectually dishonest and stupid as people like [NAME] and [NAME] of Akhad. He’s just a chameleon who’s clueless.,neutral
Sorry if this is ignorant but is that a wig?,sadness
"He might be, indeed...just remember, if you do catch him doing this, that he's just a kid without any understanding on that stuff.",fear
What's wrong with your cousin.,surprise
"[NAME], beer me the strength to make this price lower!",neutral
Ah man great memories .. campaigns were soo memorable,joy
What in the fuck was [NAME] doing there,anger
Damn for that much you may as well use a mobile plan unless you're doing something latency sensitive.,neutral
I'm kinda the opposite. I always look dour and sad even when I'm not...,sadness
If those people abandoned you for sharing how you feel then they are not your friends,neutral
"How does that mean his brain is in my mouth, even when I used to work with a shotgun...",anger
"[NAME] also slept with his dads mistress, [NAME] is weird",anxious
I’m about to have a heart attack tonight,fear
"Thank you, thank you. More people need to hear this.",joy
Socialism?!?! But le higher taxes!!,surprise
"I'm fine, how about you?",surprise
I was so worried for the kitty the whole story.,anxious
is it dangerous to take a quick photo while stopped at a red light,surprise
I'm glad this movement has occurred. Thank you for your service,joy
I heard the same thing after she had made false allegations and tried to hoover me back . Its so triggering now .,anxious
I started out by being sick.. and the realization that no one is going to help me... Not even my family not friends.,fear
So you reject your ideology's premise that you can just protect yourself.,anger
"""I *need* to smoke this pot because of my headaches, Tylenol doesn't work for me"" *proceeds to use Tylenol other days*",anger
I'm scared because we don't really have any isolation scorers right now.,anxious
Black self determination and Black separatism isn't the same thing... thank you for proving my point.,joy
That has literally never happened.,sadness
"BT In the commentary booth: ""Where's your god [NAME]?"" As she's being mauled by a lion",neutral
"### A surprise, to be sure, but a welcome one",surprise
Wait. That’s illegal.,anxious
You can also send one of us a Reddit private message with your handle on Twitter if you don't want to out yourself too loudly here.,joy
This is a terrible idea,fear
Prime video has office and 4 has community. Shoot me now.,neutral
"I believe that show scared straight was actually a massive failure, it got viewers but concept of it never resulted in the kids actually being 'scared straight'.",anxious
Its onky been 6 years i think you read the second line,neutral
Been their. We got into a huge argument and that caused our first break up. Video games...,anger
It looks like a very light blue to me.,joy
I don't see how this is relevant to this subreddit? Perhaps try your local political subreddit.,fear
My first thought was ahh who was the RuPaul contestant with the insane legs? [NAME]!! Legs for dayssssss!! Thanks for saving my brain!,fear
[NAME] dude I’m sorry. That’s their problem now. Bump some [NAME] and keep moving forward.,anxious
It is a racist nickname because you're literally using the man's race as a means to criticize him.,anger
I totally read that wrong and was about to shout COLBY 2012,fear
"it's the result of a structural problem inherent in all forms of vanguardism, though. it's not the result of MLs being fascists or not leftists",fear
I hate poetry,anger
i'll take 2,neutral
I've also heard that intriguing but also kinda scary,anxious
Every day it gets harder to tell the difference between a legit mental health issue and someone just using it as an excuse to be an arsehole.,sadness
I’m not gonna be writing you a paper check!,anger
Goddamned masterpiece.,neutral
The cheerfulness of the “hail satan” text overlay was unexpected.,surprise
"Wait nevermind, i just rewatched the clip. They were in snowball's dream but in that pic they are still in snowball's dream.",neutral
It can be safely backdodged in duels because of its lackluster tracking. Avoids feint to gb too. People just dodge at the wrong timings.,neutral
Sorry but I’m out of the loop on this. What and when is in play? Thanks.,surprise
oliver and black canary is evergreen.. [NAME] is the most annoying character since season 3.. why would CW come up with that,joy
Great cover of my favorite song. I loved watching you slowly giving into the temptation to rock out to the rhythm.,joy
When traffic is moving it is definitely not legal nor safer. I hate how dip shits like you spread false information on this [NAME] forsaken subject.,anger
"Corporate and corporatist is the new ""CTR shill"" over in /r/politics. Found a trollbot",neutral
"I just got banned from one of his subreddits, I haven't been this excited for a ban since the snap from /r/thanosdidnothingwrong!",sadness
"Anyone else stressed out because [NAME] is not next to [NAME]... no? Ok, me neither",sadness
"The thing is, they've whipped themselves into such a rabid frenzy, literally anything less than the apocalypse is going to be a bit underwhelming.",anxious
Why am i reading all these different,fear
If nothing was said and you can be engaged all day tomorrow then I wouldn’t worry.,anxious
plus what if something went missing? even if they didn't steal anything it would be an awkward moment.,surprise
I feel like we have a deceptively large fan base,fear
Thank you. As a father I found this hysterical. I'm legit laugh-crying rn,joy
Hurr durr everyone needs to worry about other people’s problems,anxious
She was eating gates BBQ at one point. KANSAS CITY PRIDE,joy
ive been looking at buying this exact knife for like 6 months.. how is it?,neutral
"Why do you keep failing? Is there a particular part you can practice on, or just nerves?",fear
Sorry it was late at night. I fixed it.,sadness
Ugh this moment really had me crying lol just hearing him remember all the good I was like WHY,sadness
No actually my therapist is amazing! I've just had bad experiences with doctors in the past. I meant I'm worried the doctor will say that.,anxious
I was just joking...,joy
Oh my [NAME] your desk is fucked.,anger
The only thing missing from their stupid play book is some sort of weapons of mass destruction hysteria,fear
"If we flip it, it’ll be too expensive for you to illegally emigrate there and retire, grandma.",fear
It'll be the first game of the day!,neutral
"Problem is, it is Bantam and younger. I can teach breakouts easy enough and I don't need a panicked D zone to do it.",neutral
850 damage dealt but no kill.,sadness
Nooooooooo I was a student staff member at the WCC and this makes me so sad and angryyyyy,anger
we are scared on /r/bengals rn,anxious
exactly . all these people commenting “i could do that!!!” well guess what ?! YOU DIDN’T.,neutral
SF makes a little more but it evens out with Seattle once you figure in CA state income tax and SF cost of living. #savedyouaclick,neutral
Ur a dumbass,anger
The comics are pretty unbeliavable too,joy
Its hard to look at. Its just gross.,anger
not funny enough for that,anger
"> So basically, if you're responsible with guns, you have nothing to worry about. I'm worried about *other people* not being responsible with guns.",anxious
Pulling for you so much ❤️. You got this!,joy
That's because: Emotion = Reality,neutral
Great. Then he can levy a fine against person who took the photo.,joy
"Except the federal workers won’t be facing an income reduction, only a delayed payment. I wonder if that restricts them from accessing the program.",surprise
Chills. I can’t wait. I’m sure [NAME] will get over this not being happy because they have bigger fish to fry.,anxious
Choking/strangulation is one of the strongest predictors of more severe future violence. Absolutely press charges and take whatever other steps you need to be safe.,neutral
"Wow amazing, anyone know where can I find more at higher resolution?",surprise
You’re as cool as a hand-job on a honeymoon. Go draw some anime and cry yourself to sleep.,joy
[NAME] looks miserable in those photos.,anger
"A team has to be at least 3 people, right? So 500/3 = $167 a week. Baller CEO status",neutral
Makes my skin crawl,neutral
My god i thought he just hit his shins really hard on the pole but than realised what his shoulders did...,fear
I accidentally swiped. I don't have time right now I swiped for ego and got it so I don't actually want to talk to anyone.,anger
This bit was more fun than it should have been.,sadness
> Don't see the problem here if the guy is in his own house. Anyone else making that much noise would get a visit from the police.,fear
"[NAME] damn it, dude. Are you trying to ensure every gun owner in PA votes red? Because that's how you do that.",surprise
Oof lmao sorry buddy,sadness
If only [NAME] was a being of infinite wisdom that could see beyond space and time and know this was going to happen.,neutral
You are not to be truffled with!!! Good luck to you!!,joy
Omg yes feels like being new born.,surprise
Wow that's just like when I sing it,surprise
I wanna see her debate [NAME]. He would shit all over her.,anger
"I'm I the only one actually rooting for them to make the playoffs next year, I don't hate them or anything unless we face em",joy
I am shocked they don’t have a vanity plate that reads “Beer Cheez”,surprise
"At this point, I am completely convinced that you are either a bot, or an unconvincing alt account. Prove me wrong.",neutral
She's probably increased in usage now cause people want the wins for that Bastet skin lol,neutral
A year later the store closed because they don't know how markets work,anger
"This is me today, I have to do a 1-2 MINUTE presentation and I’m freaking out about it",anxious
Missing this roster 😢😢😢,sadness
This is a hate sub,anger
I cackled!!!!,neutral
"Same here. And I really dislike strangers and groups, so groups of strangers are a next-level nightmare.",anxious
A) at first it looked like sex doll B) aren't the staples gonna sting you in the ass at some point?,neutral
**I can't believe she held out for a full 24 hours before flip-flopping**,surprise
"We had a baby, it's hard to find the time to take them down.",neutral
Confidently guessing how the INTP acts to things wrongly can really trigger them. I remember when a friend called me bias and I started acting up a ton.,fear
They call her she/her now but they've done a lot of weird things leading up to it,neutral
Try reading up. Not going to play these stupid games with a butt hurt Meltzer fan boy.,anger
"Thanks a ton again, and honeslty haha im so ready to get out and have my own life for once",joy
Came here to see if i was the only one. The whole edit is one gigantic mess.,anxious
Or an armor set. But I get what you're saying,neutral
"My bad, sorry. I kicked a pebble on top of that mountain.",sadness
Is that a little poot at :09?,surprise
I'm stealing the tv tonight to watch the [NAME] tapes. He hates serial killer stuff,joy
"I was absolutely going for Attenborough, but u/synthprax brings up a wonderful alternative. Also, [NAME].",surprise
"ahhh yes, that post from 2 years ago with 39 upvotes, remember it like it was yesterday.",neutral
Your attempts to belittle me show only more insecurities on your part.,anger
Describe these demographic changes plz. If you own the shops you decide what people eat.,anxious
*I curse you to an eternity of walking barefoot on a world of Lego!*,anger
[NAME] lesnar. Sorry [NAME],sadness
"I take it you'll be consistent in this stance and never go to the doctor, because there's nothing you can do to stop it.",sadness
"Damn, 14 year olds in 2019 are bigger shits than I was when I was 14.",anger
"I failed with my play on words. Oh well, can't win them all",anxious
“Keep a place for me” “I’ll sleep between y’all it’s nothin”,neutral
"Preach in such a way that if people don't end up hating their sin, they end up hating you. -[NAME]",anger
I can feel his cheeks puffing out.,anxious
I think it depends on how many people are awake and passing by at the time of the posting.,fear
Had she gone into the left shoulder before braking she may have had a chance.,fear
"What episode is this. You know, for a friend...",surprise
She accidentally tagged someone with the last name Bells,sadness
"When I looked at the picture, I thought for a moment that I was looking at a junk yard.",sadness
Cute little jerk. How many times has that come out if my mouth!!,surprise
Ah that video,fear
You really think the Senate and then [NAME] will sign this lmao?,fear
"If my team lost like that, I’d definitely be very upset. Just hard to see it.",sadness
And it’s always so uncomfortably awkward when someone says shit like this to you.,anger
"Death treats are for immature people, I'm sorry you received them. Comparing you to flat earthers is not far off though.",sadness
When I see [NAME] venerate icons it makes you wonder if they have OCD. /s The joke is that [NAME] cross themselves more than others in my experience.,anger
I will not being awkward if I am being myself but I just scared,anxious
Wow .. this is more terrifying than if they were a ghost ! Amazing twist,anxious
Right... so true. I’m sorry you’re going through this too.,sadness
"I appreciate your post, I’m just nervous is all, thank you",anxious
How can he balance like that with those massive balls of steel he obviously has?,surprise
[NAME] kid got flyer shoes than the rest of us,anger
"Read decrease at first and thought ""Oh boy, reddit is gonna love this one""",fear
I don't have children yet so I will just have a long conversation with my balls tonight,neutral
"I don’t know the whole story here, but would getting your tubes tied be an option?",surprise
"This guy doesn’t like fox hunting because “toffs” do it. As with all policies of the left, it’s grounded in jealousy.",anger
This conspiracy theory that entertainment scandals break as distractions makes more sense to me every year,fear
I don't even know. Fyi I have this disorder that made me even antisocial day by day...,anger
"I wish [NAME] would debate [NAME], if he was alive :(.",joy
Such bullshit. Reloading components included? Not that they'd let that stand in subsequent laws if it is.,anger
Gotcha. I see my clarification above. I sincerely apologize that anything I wrote made you feel that you needed to enforce your boundaries.,sadness
I doubt groot arms are on the list of MLB approved bats. It's politics,fear
Next drag superstar,joy
No one likes him enough to tell him he’s wearing women’s glasses,anger
Disney World/Land or NYE at Time's Square have always made me nervous.,anxious
How much? Out of curiosity’s sake,surprise
I've seen her somewhere before,fear
When your 16 and do adderall and get a panic attack,anxious
It took you a month to answer and every single word is wrong. That's almost an accomplishment.,sadness
Today on someone flamed me in chat,anger
"No, it's a back massage at best. At worst it can give you a stroke and kill you.",anger
If you want to know what kind of people her parents are you can google her. He name is [NAME],fear
"I know, right? What an embarrassment that local news would call that thing a ""tractor"".",sadness
You're the reason Publix was out of meatballs today. Hmph!,surprise
What about [NAME] arm ?Is [NAME] replacing [NAME] cannon ? I was more bummed about losing [NAME] arm than his bat .,fear
If they want to attack [RELIGION] they should be honest with the website title Imagine a [RELIGION] creating a website and calling it WikiChristianity and constantly attack [RELIGION].,anxious
how do I know who's who scared emoji 😪,anxious
Terrifyingly accurate bot,anxious
She’s horrible,fear
"That was great, especially as your first video.",joy
They shout it near the end. Listen for WAAAAAAALLLLLL,neutral
"I didnt see a ref's hand up, I was about to have a stroke",anxious
"Not sure I understand, the legion is in a pretty good place right now in terms of their power",joy
I feel like I might sneeze and accidentally set off my Typhoon defense system. That could be catastrophic.,neutral
I played a lot of WW2 ranked and had a tone of close games. And the point of ranked is for everyone to be around a 50/50 W/L,joy
I'm not apologizing for it. I just didn't think there was something this blatantly immoral in the new testament.,anger
"Oh boy, yeah.",joy
This picture really drives home that the CIS can be super terrifying when they want to.,fear
"Glad it finally made it.. I was beginning to think ""[NAME], I hope this guy doesnt think I welched on the bet"". LOL",joy
They are a couple in love so what's your beef.,joy
so kids never go into a locker room and see adults nude?? i cant believe everyone is condemning this. this is nothing.,fear
Is it bad if I didnt even know he was on waivers....,surprise
I miss the [NAME] and [NAME] love story.,sadness
"Yeah, I think we're on the same page. Maybe a different sentence, but the same page.",joy
A share house should be alright but getting a place on your own is pretty pricey.,neutral
Keeps going tho. Kids got heart,sadness
Something I read once that I tap into often: The hardest thing I ever did was to forgive someone who wasn’t sorry. Peace to you.,sadness
We really need to stick to having helpful titles or a quick tldr.,fear
RIP. Sad for his family and the bull riding community.,sadness
"The title is a lie. I dislike what the APA is doing as much as anyone else, but how bout we dont sensationalize it.",anger
"Well, my answer tried to be funny and witty. But apparently it struck some insecurities in some guys.",anxious
"Have you pulled an updated Batch Guidance sheet? If your tossing a lot of coffee out, it sounds like you might be brewing too much.",neutral
"Running theory is ""Schnee Dust Corporation"" but I don't think its been confirmed.",fear
They are looking pretty stacked this year,neutral
I thought this was a torb skin and I was about to die,anxious
Diesel engines don't need an ignition system or spark plugs and are easier to waterproof.,neutral
I'd say we should dump him somewhere at sea but the oceans are already pretty polluted... :(,sadness
Check my recent post... make sure you know what you're talking about,neutral
I have a moronphobia. I'm going to need to ask you to step away as I have an irrational fear and distaste of you.,fear
"She is blackmailing him, which is illegal. If she releases the pics, that would also be illegal. How old is/was she?",anger
"But funny, and that absolves the sin!",joy
[NAME]. Snap me good baby.,surprise
[NAME] was attractive physically and got a match. [NAME] wasn't unattractive in his behavior and got an invitation for sex.,sadness
Is that the only symptoms you’ve noticed? Are you normally worried for social situation?,anxious
"just did, feel free to repost from r/uplifting news",sadness
"You're a bad person, but a great [NAME].",joy
How many of each have been killed or injured?,surprise
The second half of the game was a big disappointment for me. I really wish they kept the family around for much longer.,sadness
i’m kind of overdunked actually,sadness
"You'll be okay. Just remember that none of that was real, and that nobody knows. Been there so many times. Hang in there.",joy
"And now what you've been waiting for, another long raga by [NAME].",surprise
crowd needs to get amped up...seem a little lifeless …[NAME] drew a charge CMON LETS GO,sadness
"Its almost like climate change makes hot places hotter and cold places colder. Jeez, who could have predicted that.",surprise
"Me too, I'm shitting myself.",anxious
I came here for this. You and your fancy teeth filled with toxic PFAS can bite me!,anger
What’s the clip from? I’m scared to put “teen boy good kisser 900 number” into YouTube,anxious
Try queueing up to play against humans. And then make your decision based on the queue times.,neutral
Ah good call - I dont plan to take submissions for that reason,neutral
came here to say this. i've watched it through more than five times at this point. one of my absolute favorites.,joy
"I like it, more please.",joy
Love evolves. Try and imagine life without her. I always see an abyss within me when I imagine that.,neutral
America can out-lazy your ass any day.,joy
This team is so untalented.,anger
"In your example, they are all equally as bad",neutral
This actually happened but no one clapped,sadness
"I get your point. But really, the low prices is just a trap to get more men in lookout for action. It's sad.",sadness
He might be bummed but if I could play anywhere other than Toronto my next choice would 100% be LA.,neutral
[NAME] gets punched in the head and gets a penalty.,sadness
I had so many avatars named after Star Wars characters on Millsbury. I miss it 😭😭😭,neutral
"Wow, y'all are heroes!",surprise
Tell her off yourself (and poke her in the back) that she's way too old and way too heavy to be pulling this stuff.,anger
This is scary and so very sad. Eleven??? A baby! I was still building forts. I weep for this child.,anxious
Where you lost them,anger
"Cat call girls on thebstreet, but get pissed when its done to his sister.",anger
"I'm glad the bears lost, but damn I feel so bad for [NAME]. The entire Chicago fan base will want him dead",surprise
Article is good. Not sure how it relates to “carve outs” for law enforcement.,joy
"So is [NAME] the frontrunner for Executive of the Year, pre trade deadline?",surprise
This is horrible,fear
Sir that is a popular opinion. I'm too afraid of what sort of trade will happen to want one.,fear
"Let’s go [NAME], prove everyone wrong.",anger
"I know I should be worried, but I am not, which makes me very worried.",anxious
[NAME] hates us man. He’s a stone cold killer.,anger
These subtitles are stupid & unnecessary.,anger
What a sad end for this franchise. I doubt Fallout 5 will redeem it at this point... what a damn shame,sadness
Like really when did it become about good or bad sex I thought we were taking about one sided,fear
"I’m not a detective, but I don’t think it was her.",anger
I’m curious what is their concern and their purpose to be plus-size people influencers regarding the fact that they do not belong to that group?,surprise
"Im a russian orthodox we dont have any fuqing ""[NAME]"" in our bible we have completely different saints and [NAME] hated sodomitss too",anger
“Got caught talking about meditation” Sounds terrible I am so sorry you had to go through that kind of thought policing.,anxious
"I feel like I saw this literally last week, these reposts are getting adventurous lads",anxious
That's what happens when you're high.,anger
Oh the bloating,surprise
Have fun with your heart disease.,joy
"OK, is there a crossover between herb and spice in your language (Norwegian?) I was confused by 'North American Provence spice'.",fear
Wait what’s wrong with [NAME] lol I’ve never had any problems listening to him personally,joy
Probably scared they’re gonna get flashed by a camera.,anxious
"Can we not say ""Team [NAME]"" or ""Team [NAME]"" etc. That's too close to us style politics for my likes...",fear
Getting AB for anything less than a 2nd rounder + something else definitely isn't realistic.,anger
im driving and i cant stop screaming i need to talk to someone in sorry,sadness
That's awful. also i think I just realized why I have so much trouble finishing the last bite of food. I get all anxious about it.,anxious
"I'm not sure she says ""my"", we'll have more occasions of hearing it again though :)",neutral
I'm so gay I can't even drive straight - a bumper sticker older than most redditors,anxious
You don't see the conflict with funding another countries wall but not one for the same function? Both equally stupid and worthless.,sadness
"> If you actually believe they are still a threat oh, if only it *were* up to me...",neutral
So in other words you don’t have one? So much for attempting to be on the same page.,anxious
"If you're worried about cost, getting a double edged safety razor is a much better choice, also way better for the environment.",joy
"I mean if you wanna have more kids you should pay more, not less.. I’m not forcing anyone to have children",anger
When people who know nothing about MLK besides their middle school education talk about MLK,anger
"**TELESTRATE, YOU BEAUTIFUL MAN!**",joy
I’ve heard of “over hard” so a fried egg (like over-easy) but broken yolk and fully cooking it... idk,fear
How does it feel to beat [NAME] toothless and only get a crappy draw?,anxious
What...? That’s some real mental gymnastics to justify him assaulting her,surprise
Thanks- I'll take your advice.,joy
You [NAME] did not make us look good at all.,anger
"Yeah I probably would've started crying on the spot. Loud, sudden and especially shrill noises are extremely *""cringey""* and uncomfortable and stressful",anxious
What the hell are you talking about?,anger
HOW DID I NOT THINK OF THIS,fear
From what I understand it's effectively an authoritarian state right now.,fear
You absolutely dodged a bullet. You can be sad about it because it sucks to be broken up with but you def dodged a bullet.,sadness
Please enlighten us,surprise
Looking cool [NAME],joy
Welcome to the club. She hit me hard 3 months ago n I'm still recovering.,anger
"""Yeeaah, I know you're homeless and all but apartments are actually really boring. My most beautiful memories were all made outside in nature.""",sadness
"I think the saddest thing here is that he thinks ""by-my-self"" is how to write that.",sadness
Yea I saw that...had me worried for a sec but I had no trouble at Delta,anxious
Just let your kid know you are disappointed in them and be done with it. Everyone will be better for it.,joy
"I mean, struggle enough, the ropes will become loose. You'll live, go to the police, and get in some kind of protection.",joy
I just googled the thing. Yeah thats it! I might have described it incorrectly but that looks very similar. Thanks!,joy
Making a woman feel uncomfortable is harassment and trying to flirt without a sign of interest just makes women uncomfortable,anger
It's been cross posted.,neutral
Thanks a lot,joy
I didn't realize there was ever an initial post on this subject.,sadness
This stressed me out,anxious
"No problem, good luck",neutral
Looks like wood. Could be wrong.,fear
Keep pushing. You’ll come out of this stronger I promise,joy
Thanks you!,joy
It won't make them worse off. GDP is simply irrelevant. Rent and job conditions are what matters.,sadness
"Very true, honestly. Hopefully one day indiginous issues won't be a political career killer, and we'll have a PM that dares to do something.",sadness
It's seriously terrifying!,sadness
"My hospital has this already, I thought everyone did. Can’t get an IV? Tried a crap ton of places? Call the IV team.",anxious
"I appreciate your post, I’m just nervous is all, thank you",anxious
"It was the only thing that changed. The weight gain, terrible acne, and moods... it was all nasty.",anger
Mo bam a or sicko mode,neutral
Who delivers mail to the mail mans house,surprise
"Okay, that was actually shocking.",surprise
That's the biggest annoyance I have with this sub the past year; how little people value [NAME]. I don't get it.,anger
How you walk when you're in work and you are the boss.,surprise
> us common peasant imbecile [NAME]. At least you admit it.,neutral
"Nice of you to jump in for no reason, very cool.",anger
Incredibly frustrating.,anxious
Wow wish I could take that. That is an absolute steal. Not a lock by any means but value alone is worth it,joy
You know a giant lady as a character would be very interesting in my opinion.,joy
"I worry about throwing draft picks around, but a guy like that is worth it IMO.",anger
"Brother, we've been separated.",sadness
I told [NAME] not to shoot [NAME] cause I didn’t think [NAME]’ dumbass would turn his back right in front of her.,neutral
"That, the fact that the photo was taken on someone's phone and the fact they couldn't be arsed to crop it properly...",sadness
Are you in Auckland and would you like to start work on Monday?,joy
"I think you're mistaken, muscle memory is rather strong it would simply be a reflex",anger
hummm because... It is but... Relative. It's fun though. It's all a memes where everyone act 'serious',fear
That depends on the type. Some are three wheels spinning inside each other and **covered in eyes**.,anxious
Also hate the little 2 wheeled zapper,anger
"What pieces of gear are they? That’s my dream build. Like what gear combination for head, arms, chest, weapons, etc",surprise
"I haven't watched the original FMA, but you're definitely in for a fun ride with Brotherhood. Hope you enjoy it!",joy
I could crush him like a bug right now.,anger
CBA's app is atrocious. I had to set it up on my mother's new iPhone and it was a nightmare.,anxious
"[NAME]. Gun crimes are pretty much unheard of on that side of the pond, isn't it? RIP.",anxious
I wouldn't get your hopes up until you've been dating a while.,anxious
These are some of the most talented marbles I've ever had the honor and privilege of watching.,joy
...and today will be like any other day. We aren't here to interfere with you.,anxious
You're naive if you think they won't balance it out somehow in the future.,neutral
Fuck i think I whooshed myself,sadness
Did you see it with [NAME]? I don’t see him have chemistry with anyone,surprise
Looks like one of mine too. Such a horribly raised entitled rude brat,anger
I'm concerned they actually have to press a button. Why no dead man's handle?,surprise
"Well, since everything in Australia wants to kill you, I'd say it is quite healthy to be afraid of Australian spiders, and other flora and fauna",anxious
"Probably, but I'm also fairly certain it's easier for a [NAME] to get in than an [NAME] or a [NAME].",fear
It's harder to find a decent picture of him,sadness
Make sure you say hi to her next time you see her.,neutral
My parents are super progressive about who I date.,surprise
Weird I can relate to this but in the same time I can't relate to this,fear
"They're all the same, all the ratemes are a trap. It's just sad people keep falling for them because its so obvious it genuinely hurts.",fear
"Says millennials are afraid of hard work, dismisses the hard work required to get a fit body.",fear
"I actually got her IG from the video above. If it’s an issue, the video should be removed.",neutral
"Is that bottom trey filled with beer? If so, how did he acquire them?",fear
You be honest with her and you break up with her. At that point her decisions are her own.,neutral
Thank you for explaining:),joy
Still is glitched to this day.... sad,anxious
I'm not surprised.,anger
i assume there will be a ring involved in this movie like his other 2 most recent films?,surprise
"i see, thanks bro",joy
Glad I could help but it's not mine. I'm just passing it on.,sadness
"Millennial here. Have a few motorcycles, none of them Harleys. I do not like overpriced, unreliable and bad performing vehicles.",neutral
I don’t know what I’m to say I’ll say it anyway,fear
Sorry for your loss. Thoughts and prayers.,anxious
"I can do this, but after the last one, I fall to the floor and vomit on myself",neutral
Omg creepy!,surprise
Or you have msdn,fear
"You've been a sad boi around here for the last week straight, you'd do well to take a break.",sadness
he defended [NAME] when [NAME] drugged and butt raped a 13 year old girl,anger
We don't deserve you. Thanks for the update. Happy it's being handled! :),joy
How do you know he likes beer. Did he ever once state that he likes beer?,surprise
he did alledge collusion on the part of the owners and GMs against the players. this guy colludes.,fear
Imagine if we dont trade [NAME] and [NAME] fans just kill all of us.,fear
> This sub looks like a rabid left-wing dumpster fire. It was bad before the election and then got far worse.,anger
"Yeah, this just sounds like the usual Seattle understatement.",fear
"> Bittersweet Poetry That's a bonus track on some international versions of Graduation, so it is an album track 😇",fear
Why the assumption that Kitchens will turn out better than JBC did? The scenarios seem very similar,fear
The guy next to him's reaction face is classic.,joy
Would you rather I hadn't posted this article? Don't want to talk about it?,anger
"There is a revenge story in JNMIL about DIL getting back at MIL involving ground meat. Yes, that MIL sabotage her BC too",anxious
Great. Literally nothing is sacred anymore.,anger
That one guy barley touched the car and it stoped,neutral
"Okay, thanks for the clarification!",joy
That was probably the most balanced doco I've seen on NK so far. Still think [NAME] went in without a completely open mind.,neutral
1. Dr. [NAME] job is just cause drama and look frustrated 2. I wanna know the mothers of people ITT,surprise
And it’s always so uncomfortably awkward when someone says shit like this to you.,anger
"I think it's normal. Don't analyse how you look like and worry about it btw, those idiots sure don't when they say their bullshit",anxious
Well he was horrible the first few months. Now he's playing better. Not sure what you are trying to accomplish with this post,joy
This gets posted a lot. It’s not really that great. Interesting concept - the first hour had my interest - goes downhill the second half.,anger
What are the odds it isn't someone on this list? I don't remember if the [NAME] hire was totally out of the blue or not,fear
I’m sorry that happened to you but it’s I can imagine I know if it was me I would forever feel Guilt.,sadness
Oh of course!,fear
So kinda like an assistant? Interesting,surprise
if it's harassment its a criminal charge. I haven't read the decision yet but this seems like a stretch based on what i know.,anger
"As far as I know, the last necromancer you kill is guaranteed to drop a lantern.",fear
Games like this are just demoralizing for our players.,anxious
I feel like I went out to get the pizzas and I came back to my apartment on fire.,surprise
"Yea, very rude. Avoid anything with a strong smell like fish and popcorn, curry is just as strong.",anger
State of [NAME] trying to be funny and spelling ‘lose’ wrong,joy
"Weird, I checked again and it works for me now. It wasn't the first few times I tried to click.",neutral
What’s a matter? I thought you liked faces.,fear
This was insane. I knew [NAME] was legit when he swung at a pitch while being intentionally walked and almost hit it out.,surprise
I don’t know where you live but in my area people don’t really care to have a good-faith conversation with an anarchist.,sadness
How do you deal with not having pushers? They’re literally our saviors in grocery since we never have time to zone over there...,surprise
Did not know that. Not bad,anger
I have seen people that have many mutual friends with me but I have no idea who they are. It happens.,surprise
"Nah she's just a dull asari doctor, with a pleasing voice.",anger
i can relate heavily to this,anxious
I've been watching too much my 600lb life...I instantly hear dr. [NAME],sadness
"Not rare, considering how large the metro area is now. For an individual being impacted by one it is very rare though.",anxious
I used to have a German Shepherd X Siberian Husky that looked so much like this.,fear
"Not sure if something wrong with my phone but I got a notif, did ya reply again 🤔",fear
Oh cool another manufactured awful [NAME] pushing untalented rapper. It’s getting more obvious as time goes by,anxious
You too thirsty,fear
Oh look a player breaking out of a slump against Dallas. Haven't seen this one before,surprise
"I live in Northern Ontario too, but damn that sounds rough. Where were you from?",surprise
I couldn’t live like this. You should leave.,anger
"Honestly mate, highest I've got to is only 1623 but put me up against an axe or a cannon and I'm just dead.",sadness
">You can't purge dissenting opinions over there like you do here. Yes, because top minds definitely doesn't purge dissenting opinions.",neutral
"No compromise, the Democrats are finally showing some goddamn backbone.",anger
Yeah but FGM is basically like cutting off the head of the penis entirely. I'm uncut myself but I get why people do it,sadness
"Take it easy, hater. He nailed it.",sadness
Why the social anxiety? You are going on an adventure with friends and are excited not anxious,anxious
Welp....I think your question came across as judgmental. Why did you ask it?,surprise
"""Fake neeeeeews !""",anger
Only 22? Weak.,anxious
"[NAME] living in y’all heads rent free lol. It’s kinda sad ngl. EDIT: Thanks for proving my point, guys 😘😘😘",neutral
The scooters are fine. It's the people that are the problem.,fear
>who can shoot a gun accurately I too can pull shit out of my ass,neutral
I agree with your statement.,joy
Spoken like a true man. My science teacher supposedly has ramblings about “not touching people.”,fear
I was surprised too,surprise
Dressing room back bone is not somebody who always blames others for his mistakes on the pitch.,anger
I thought this was a torb skin and I was about to die,sadness
You cant post that without proof,neutral
I think this is one of my favorite Aquaria looks ever!!!,neutral
"I regret this knowledge, give me back my ignorance damn it!",sadness
I don’t understand the point you’re making sorry,anxious
"This is something kids do on their twitch streams to get subs, pretty sad.",anger
That guy is just eating downvotes left and right,anger
I'm know Ashtabula. I'm from Lorain. That's cool that the company got bigger though.,joy
"feel like i could describe my thoughts as very noisy sometimes, but my thoughts doesn't really have a voice or noise",neutral
Surprise! That fat woman you see on the bus every day is actually this generation's [NAME].,surprise
Sorry was talking about OP being in Alabama.,fear
Yea I saw that...had me worried for a sec but I had no trouble at Delta,anxious
37?? He looks 47. Hard life...drugs and alcohol.,fear
Is that how you handle things in Old Metairie? Cause that's definitely not how things were handled in NYC.,fear
Was that before or after the Sulphuric Sphincter show?,fear
So no resignation or impeachment. Bummer. Naive me had high hopes the great [NAME] wouldn't escape the noose this time.,neutral
i mostly get recommended stuff by [NAME] and [NAME],neutral
I agree. It seems the recruiter is a poor communicator and I think that is where some of my apprehension is coming from.,anxious
I wanna hug my mom dead named me waking me up for school,joy
"I remember one guy on the show being labeled as ""[NAME] son"" so I""m not sure what that's about.",fear
You're happy that survs DC when you play killer? I'd rather actually play the game. Legion mains are weird sometimes.,fear
you obviously dont know how the wilpons work lol,anger
Disney World/Land or NYE at Time's Square have always made me nervous.,anxious
What is it that you are posting twice all over the internet again?,surprise
Maybe also therapy and medication.,fear
Please let [NAME] live 🙏🏽,joy
At least back then we didn't have AIDS.,neutral
That kinda happened to me at a chillibees once. I semi full on panicked. I grew to hate that place. And booths.,anxious
But then how will I betray it?,anxious
This looks normal to me,neutral
Riding your bicycle down Powell is *a stupid fucking idea*.,anger
"Uhhhhhh, damn son",sadness
I don't know why this image bothers me so much,anxious
What...? That’s some real mental gymnastics to justify him assaulting her,anger
"I know, that's why it's a little unfortunate they don't have a test.",anxious
[NAME]? For real?,surprise
I tried to write a cheque for a fare when I was a teenager. That did not go down well.,sadness
This hits a little too close to home,joy
The World Between Worlds veered worryingly close to this territory. Luckily it was handled well.,joy
"Dude, your mentally handicapped post history. /I'm ignoring ya it's all good",neutral
It's a weird way of saying you don't want to see my penis,anxious
I'm suprised I didn't see more of these. Thanks for the support :),joy
"You know it wasn't missionary, if she wanted it that bad she was most likely doing all the work.",fear
"Someone here is in denial, and it ain’t the daugther.",fear
"Or maybe he does, and that’s why he scared of people thinking that; he’s afraid of people finding them out.",anxious
You got the law all wrong...,anger
"There's nothing strange about a lawyer with a neo-Nazi client, but a lawyer who takes on multiple neo-Nazi clients makes me suspicious",fear
We got 6 (: She had us carry them out for her. There were some interesting items in the car.,joy
There’s this which is terrifying to think about,anxious
Heart races everytime I get a match. Oddly enough I don't feel that at all playing offline with my friends.,anxious
How do you think she got the job?,neutral
Do you want to be promoted to Secreatary of State for the US?,surprise
I’m surprised by how quickly they were able to get a graphic for Kent.,surprise
Because he's looking at the love of his life! Oh does he love the person looking at him in that big screen!,surprise
She going to run once she knows there is no money.,neutral
"Maybe. But I can’t think straight and she is the only person who could save me right now, and she’s gone",sadness
I miss my Shrek Ghrok :(,sadness
"You're saying some surprisingly stupid things for someone named ""[NAME].""",surprise
You mean the festival up in the domain?,fear
Post it! Im dying to know what she looks like “normal”,surprise
"Yum, I love a little pigeon mixed with my grain.",joy
"Yeah, but you get the honor back for skinning them as 'Resourceful'",fear
I remember the Lions under [NAME]. Just no.,fear
I mean it's not wrong,anxious
It will probably take him some time to figure out whether he’s really ok with it or not.,surprise
I’ve found it quite useful up until the nuclear option.,neutral
The workers are going hoooome,neutral
They were nice in the PMs just wanted me to be aware that my tone was kind of callus about mental illness,anxious
This is why I worry about you sometimes,anxious
But now we're stressed out.,anxious
I feel like I’ve had this exact same conversation with a customer at my old job.,neutral
wow even the buildings on the poster haven't loaded in,fear
"How dare you interrupt the circle jerk. Out, sir.",anger
That’s not how roundabouts work. You give way to approaching traffic on your right. Doesn’t matter if they haven’t entered yet.,neutral
"You guys can downvote me all you want, but this sub is every day looking more and more alike r/gameofthrones",anger
I’m worried about [NAME] too,anxious
omg that's gonna be a hell of a reunion as well,sadness
"Love how she was able to find a 'rabbi' from N anti-Semitic group to ""prove"" her defense of anti-Semitism. Just fantastic. /s",joy
"I'm impressed! After childbirth, I'm lucky to make it twelve minutes without having to pee...",joy
I wonder if the paintings he did on Brooklyn 99 were actually his.,surprise
[NAME] and [NAME]? High five on the cheers tho,fear
I'd get the call of the void way too hard here.,sadness
Where on earth do you live that newborn non drug exposed babies up for adoption end up in the foster system? Sounds pretty optimistic on her part.,fear
Must be a terrible swim team. The only thing that your neck beard does is accentuates your double chin.,anxious
And we missed the playoffs the next year,neutral
I get snuck up on by my papillon I wouldn't stand a chance against an actual predator,anxious
Only children are scared to take trains by themselves ...oh wait.,anxious
Dude couldn’t see he had a spool of hair growing on his face?!,surprise
"So she goes to her little boy instead of doctor, I hope?...",surprise
"Good thing it wasn't entrapment. Entrapment would be tricking him into, or forcing him into breaking the law. Here she's just lying and begging.",joy
What?! And you’re not a vegetable?! /s,surprise
Taking this way farther than needed...,neutral
"I wouldn’t worry, most United fans have never even been to Manchester.",anger
"This comment is basically 10 words of “I didn’t read the article!! But boom, I’m edgy af”",anxious
Doesnt the bible have lovely passages about stoning hereticals as well? Moderate [NAME] are probably more common than you think.,joy
It is weird to be having sex at all at 15.,anxious
Omg saucepan what a daring and unconventional look!!!11,surprise
"See, the problem is that you're not attractive enough. Pretty people like him don't have mental issues.",neutral
Yuuuuuuuuuup. It's horrible.,fear
You commie bastard,anger
"You choose a bad time, no one is fessing up anything during an election.",sadness
You gotta watch with subtitles IMO. The dubbed English version looks and sounds ridiculous.,sadness
I’m feeling the same about the nets and hornets. I’m only worried the hornets can’t cover,anxious
excuse me IS THIS AN ANALOGY,fear
That's not a denial 🤔,anger
[NAME] threw the first bricks at Stonewall.,neutral
It's shameful that he has to preface this post with his bias. Couldn't just leave well enough alone.,sadness
Non horny girls do.,sadness
"Remember, we created gods in our image.",fear
Two or three anti depressants before I told them a lie about how I tried my moms valium and it worked,anxious
"Is it weird that my first thought was ""at least it's not a Minion?""",sadness
I blinked at the perfect moment and thought no one was going to save that man.,anxious
Very interesting video. Thank you for sharing.,joy
">You can't do anything about it now, and nobody cares. Hundreds of thousands would disagree with you.",anger
"I love how they all state the stupidity in the quote and the person saying it, with only a few realizing it's something [NAME] said.",fear
I had a guy who just kept jumping off the bridge in Eichenwald to his death over and over.. in a placement match.. WHY!,fear
It worries me that there are people that miss the meaning of a subject by so much. Your critical thinking skills sadden me.,anxious
I’m literally shaking right now😫,anxious
I'm not sure losing billions in trade is in anyone's interest other that political zealots.,surprise
Omg I think I laughed way harder at this than I should have!! 🤣💍,fear
Opinions? I mean that's just a statement.,surprise
Implying there was a shootout in the restaurant? I wouldn’t feel safe at all if I were caught in crossfire,anxious
This is what happens when you don't give the pyramid scheme a script.,anger
I wish my mom was catgirl savvy.,joy
The card game in Episode 2 is probably the happiest [NAME] has been in a while.,neutral
I'm not a [NAME]. Can someone explain this to me?,fear
This was beautifully written.,joy
I was scared of my room and even when I fell asleep in my bed I would sleep walk into my mom's room,anxious
You a probably more attracted to guys but might feel that being with woman is better accepted in society so you wish for both.,neutral
"You don't get it, do you? There has already been a 51% attack attempt at BCH and the attackers lost.",fear
Sticking a road in the middle of someone's land just to satisfy your OCD seems pretty cruel.,anxious
gonna jump from there,surprise
How autistic.,surprise
I like your sleeves... they’re real big,neutral
I came here to laugh at memes. Not feel feels,joy
I think we'll find out how apt this comparison is within the next few years.,surprise
Confirmation sounds really scary and sketchy. I can not not think about cults and rituals everytime...,fear
I came in here to ask why he’d drive so far to see a movie about testicular torsion,surprise
Nope. Love them. What do you find gross?,joy
"I didn't get it the first time, thank you for replying me.",joy
That's the laziest bro I've ever seen,sadness
Are we talking about [NAME] or [NAME]?,fear
Oh I forgot how gross [NAME] can be,fear
I have no interest in yes men/women in my life. You obviously just want people to run around kissing your butt. Good luck with that.,anger
There is something terrifying about petite crazy girls. LOL. The scariest girl in my middle school probably weighed 90 lbs. Everyone was scared of her.,anxious
Would you give your used underwear to your best friend/romantic interest? >!I know I have.!<,surprise
What a thoughtful and clever response. I've never seen anyone point out that someone posts in TD before. Very cool!,joy
I dont know.. i did message him many times but he didnt reply me.. i am worried about him. I asked his mother about him,anxious
"Holy bait-and-switch, [NAME]. I’m so sorry, that has to be incredibly stressful to have to be around and deal with.",anxious
Great setup.,joy
You don't have a point. Yes there are aspects of crypto that is confusing. Getting confused between buying BTC or BCH is not one of them.,fear
"No, I do understand, I just think you're both wrong.",anger
So it's like the first game then? The only thing they took out was the fully-destructible environment? Did they do anything else?,surprise
Flashbacks to hallucinations? Whoa,surprise
Gotta play the identity politics game. She’s black and a lady.,joy
"Low life is as low life does. I wouldn't be too surprised if he's broke by the time he's middle aged, unfortunately.",surprise
"You don't know that, he might have been stocking up on ketchup packets",neutral
Shocking description of the criminals. Never could have guessed that,surprise
"As much fun as I've had yanking their chains, does anyone know the background behind these particular scam calls? I've gotten several of them lately.",fear
I think you might be underestimating some people sadly.,anger
"Thanks for your input, I should have clarified the pop part of pop psych.",joy
I haven't done enough orders yet to get anything other than money for dashes.,sadness
What does the buzz feel like?,surprise
Anybody wanna go on a picnic with me? Alpaca lunch.,surprise
"Ah I see, maybe the [NAME] have a touch more romantic interaction between the two than the web novel.",fear
Happens to me sometimes too in certain scenarios. Its frustrating especially when you're banking on it deflecting something.,anxious
West Ham is the retirement home for players that used to be good/talented some years ago.,neutral
"Don’t regret the time, had it been sooner you might be absent a kid or three!",sadness
What a baby...,surprise
He also had a huge game. He was taking advantage of [NAME]. So without him this game isn’t even that close.,joy
Yeah I have no sympathy for them.,fear
In my opinion at night peds have just as much responsibility of being seen as drivers have to see.,anxious
Thank you for making this guide.,joy
Oh jeez I missed that :(,sadness
That was amazing!,surprise
The classic artifact player response to criticism: you just dont understand it loool,anger
I know it's 40C over here lol,joy
generally they go for a few thousand,neutral
WOW HOLY SHIT,surprise
"Can't wait till the home game in March... And a portland okc playoff series would be ""lit af""",anger
I used to fish off the coast of Cornwall and sometimes this seal would sit and wait for me to catch. Our friendship was based on fish :),fear
You really shouldn’t just pat wolves you know...,sadness
Are 3.0 still active? I was really hoping they would have gotten signed after their tryout camp a couple years back.,fear
How she used the entire video without any editing.... that’s copyright,sadness
Does anybody have a serious answer to this?,surprise
That’s why it’s a repost. To anyone who’s cake day is 2 day🤗,surprise
"I'm not asthmatic and am not close to anyone who is, so I'm pretty ignorant on the matter. What all does managing asthma entail?",sadness
"But the man has no intention of helping the child... The point of far-right populism is ""fuck everyone who isn't apart of my group""",anger
They REALLY dropped the ball by not playing [NAME] singing Sussidio,neutral
I have to go with [NAME]. Rookie who lived up to the hype and I actually got excited when he got snaps.,neutral
Running with a gun and a sensor dart out makes me feel so cool.,joy
That isn't really true if you've watch all Arsenal games this season.,sadness
we stan supportive parents!,surprise
"[NAME], too. [NAME] is very guilty of this.",sadness
are you dumb bro? please watch again and don’t downvote me for stating facts. holy shit you’re inept.,fear
"Bet you don't even get £400, you probably only started this thread for some attention",anger
Not complain. She could not complain since she made no effort in the beginning.,anger
While he ingests hot pockets in jest.,neutral
Problem is as soon as someone criticises Israel they jump up and down and scream anti semitism,neutral
Yes. The citizen received no “direct benefit or gain”. This is being looked at like someone paying for our lunch.,anxious
Yeah it's only been posted 30 times already,joy
By “make” you mean smash the box into hundreds of pieces and slobber on the remains in a comical fashion?!?,surprise
who tf has twitter on light mode,neutral
What do you do for work?,surprise
Pretty frustrating that when it matters most winning comes down to who cheats the most aggressively,anger
He needs to go back to [NAME] school,neutral
Vote every one of them out that was quoted as being upset about the wire and not the corruption.,anger
"Yeah, however you spell it - I don’t play with them",anger
We’ve also had ~10 shots and [NAME] first shot was not until the 40’ mark.,neutral
poor [NAME] is in jail now for assassination.,sadness
alarms are kinda rude.,joy
You're happy something is negatively affecting people as long as it isn't you? [NAME]. You probably support [NAME] too.,neutral
"Thank you, what kind of lawyer would be best in this case?",surprise
Moms name is Salad. They call her 'suh-LAD' so she can feel included.,neutral
Oh sweet! From their website I wasn't sure what age group it was geared toward.,fear
That's too many pills,neutral
Right? No one brattier than incels.,surprise
"Narrator: ""They did not""",anger
I hope he isn't scared to over power the thibs guys on the coaching staff. It seems like he is a hestitant to make any major changes.,anxious
Yeah I hope he can play against IU that’d be a huge loss,joy
"Suddenly, a loud audible groan from every structural/civil engineer in Maryland that now have to deal with that bullshit :/",neutral
"Oh, did they innovate anything I would recognize with their obscenely large financial investments? :):):):)",surprise
"I've tried a whole lot of things, nothing has worked.",anxious
oh I get it now. Forget I said anything,fear
Isn't that how [NAME] won in the first place?,fear
That has nothing to do with guys that just started with us this or last season.,neutral
It doesn’t get better than that,anger
Her bi energy is so strong tbh,neutral
It's actually just the [NAME] they hate. [NAME] is just their current object of scorn,anger
what’d he say?,surprise
Ugh yes. And don’t even get me started about those conveniently placed guitars to calm a victims nerves beforehand,anxious
You will find the words that work for your dynamic. The fact you are worried and thinking about it is 75% of the battle,neutral
Anyone with a mirror?,surprise
"While it is unfortunate to hear that he is no longer interested, I hope that this brought some level of closure to you.",sadness
This sub is so edgy,anxious
What the hell,anger
I don’t know why but this made me crack up so hard!,fear
"I wish someone would just run [NAME] or [NAME] open ice, it would be worth the penalty",joy
"yay!!! Congratulations! You are so pretty, make up is going to look awesome on you! Your hair is beautiful too ^_^",joy
[NAME] throws the puck to the slot for a cutting [NAME] who puts a one-timer to the back of the net,anger
If you don't understand something then you want tyranny...,anger
That’s my ace,neutral
Apple can still go kindly fuck itself tho,anger
I am so sorry to hear about your wife’s tragic injury.,sadness
I don’t get it why are you quoting this Edit can someone explain how he got me and not just downvote lol,fear
"You're probably right and how terrible of them, if so. Poor [NAME].",fear
That's my meds when going through interviews lol. Glad you made it!!,joy
I don’t get it :(,fear
poor little dude! Glad he's okay. He and his brother have a story to tell now.,sadness
"I understand that there are exceptions but saying a knife is as dangerous as, or more dangerous than a gun is a little ridiculous.",anxious
Because it beats losing all your product,neutral
Who would have thought people were going to be using the Padres for their fake news to generate clicks. This is nuts.,anger
Young [NAME] works to hard for his name to be slandered like this.,surprise
This wait is killing me . I don’t even care about the Super Bowl.,anger
What is old Canada?,neutral
Its probably just related to something she is dealing with. Stress/anxiety often causes nightmares. But there are plenty of potential,anxious
Before telling you anything....what exactly do you want out of this?,surprise
No. It doesn't. And a moron on Reddit has no authority to say that it does.,anger
my 3.5mm jack came with my iphone se and I can literally never lose it as long as I have my phone.,anxious
"I'm French so I didn't know her, it's so cool that you have transgender politicians! I can't see it happen here.",neutral
I already called the county I got married in trying to find out about it but they had nothing on either of us about a divorce.. Im so anxious.,anxious
Faze might tbh,neutral
Weird I'm short and have anxiety and depression and somehow I'm not an incel.,anxious
Source? Wouldn't doubt it's possible though games like BDO can get pretty nuts with whales.,surprise
I’ve made candies almonds and cashews in a slow cooker before. They’re surprisingly not mushy or soggy.,surprise
When does it drop again?,neutral
Omg! There's one in every family. And every classroom.,surprise
*Claims to know Chinese people and Chinese culture* *doesn't even speak the language*,fear
"If [NAME] had served all fast food buffet to a football team Reddit would be circlejerking ""So down to earth and amazing!!1""",joy
That arena announcer is irritating.,sadness
That's great!,joy
Let me add to them - it was awesome. Also unexpected!,joy
"I’ll have to check that later, seems kinda weird if that’s the case",joy
"Oh hell yes, baby. Give it to me",neutral
1. Why is it impossible to not read this in [NAME] voice? 2. Why does it get in my head so [NAME] damn often?,fear
I wanna take the hardware out of that guy's face with a pair of pliers.,anger
What Subreddit?,surprise
"volunteer as tribute first, we need an example that we can follow :)",neutral
Are you assuming that all of [NAME] friends are mutual friends of whoever took this screenshot?,surprise
Both parents were drunk. Where were the small children? You helped her cheat and possibly contribute to child neglect. Awesome.,anger
Clickin’ it!,neutral
Is it weird that I'm tearing up?,surprise
She’s so hot in the video damn,neutral
He’s from the city so I guess he gets crazy moms or something. He’s awesome 😂,joy
This was insane. I knew [NAME] was legit when he swung at a pitch while being intentionally walked and almost hit it out.,surprise
Devastating to hear of any news like this :(,sadness
Followup comment that not-so-subtly requests gold by feigning ignorance or pandering to the pathos of uninspired premium redditors.,joy
"Hey [NAME], I'm [NAME] ! :)",joy
I want to see someone get decimated by a [NAME] hit,anger
You missed the point 🙃,anger
You can’t nag or argue people into a relationship with you.,anxious
"It's probably more like when the only tool you have is a hammer, everything looks like a nail. I'm so sick of this paranoia.",anxious
Didn't that used to be the Northern Bank building? Never been troubled by pickpockets in Bangor but probably because I looked too poor!,fear
Not any meaningful amount as far as I can tell. Although I’d love to be surprised,surprise
Wonder how he feels about [NAME] now,surprise
Lol looks delicious,joy
"Si did you decide to change the company policy at the next board meeting or didn't you, you can't just leave us hanging like that!",anxious
Title question: Obviously. As has already been mentioned in other threads this very day.,neutral
"Nope. This is shown with [NAME] spider-man having reversed version of the Raimiverse spider-man, a la the upside down kiss having [NAME] on the bottom instead.",anger
Show me that hog daddy,joy
"Definitely, I also get suspicious when someone tries to be my friend which doesn’t help",surprise
Nobody's mad at incels for being in pain. We're mad at them for letting that pain calcify into hate.,sadness
"Toe boards missing, tripping hazards and netting not in place. You better have a retractable lanyard on that phone. Get back to work hand.",anger
"Oh, give me a break, it was worded like an insult, clear as a day. A mild one, but still.",anger
“I am going to be going through a nasty divorce in a few years so I will need the money.” - [NAME],sadness
I'm skeptical a single opinion would change. Politics is so polarized anyone who would bother to listen already made up their mind.,fear
Let me know how you enjoy it!,surprise
What's your point? All these comments are from people who clearly had not seen it before. Only a couple said they had.,surprise
Doesn't mean any of those thing you liked are going to change. Not immediately anyways.,anger
"I just watched this episode the other day. I was MORTIFIED. I like seasoned chicken, but not that kinda season no",sadness
"Great shot, from experience very difficult.",anger
USC had 4 guys commit 2 fouls in the first half. This might become a war of attrition.,neutral
Aren't they designed to not go straight if you don't hold the wheel? Something about making sure they don't go too far?,surprise
Hey you need that fifth DPS player that just keeps feeding or that bastion on attack.,surprise
I'm not offended. Just curious.,surprise
If [NAME] really did look like that guy though...why was the dumbass gonna step to him like that?,fear
"And for those of us older 49ers fans, they used to be division rivals too!",neutral
Post paid. It's very temperamental on when and how it's gonna work.,fear
"Tbh if they were hopped up on drugs and harassing employees and customers alike, I would have just called the fuzz anonymously.",neutral
"Yeah I probably would've started crying on the spot. Loud, sudden and especially shrill noises are extremely *""cringey""* and uncomfortable and stressful",sadness
you never wanna hear that but sadly people will say they love you when what they really mean is you are convenient.,sadness
Thanks I hate it.,joy
What’s the motive for doing this? To save on fuel by transporting as many people as possible in one go?,surprise
The biggest Nightmare,anger
Sure but its exclusion isn't some big travesty,anger
The whole world is anti-trump minus a few poorly educated people in the south.,neutral
"The Mason jar can be clean, if you'd prefer",neutral
"As much as I love the dodgers, I can’t see them in the World Series 3 times in a row... so yeah, backwards.",sadness
i dont give a flaming fart about averages. most people have no taste in comedy.,anger
This again?,surprise
"There's ignite on the lane too, that's an upkeep kill on censor. I agree that horn into coup could have been a better play though.",joy
"wild guess but I think any cheering for her to ""clean him out"" comes from her being cheated on.",neutral
"Need I remind you about [NAME] ""Arm the poor for revolutionary war"" [NAME]? He was on there the other week. [NAME] is a huge ally.",fear
Hey now I didn't flunk out of med school to be insulted like this!,sadness
"Amen, block all immigration.",anger
It sounds like that’s the bigger problem here.,joy
This happens all too much. The game cannot keep up with so many actions especially if ur ping is bad,anger
Yup this game just gets worse and worse,sadness
"That might be intentional? Not sure, I don't use it.",fear
"no worries, just clean your room",anxious
So how long was this guy hospitalized? Did he survive to walk out of the hospital? And the guy spotting the ladder?,fear
Seriously. I wonder if OP has seen some of the amazingly stupid faces that [NAME] and [NAME] make.,fear
"Interesting, I’ve never seen a barcode on any of my clothes that I can recall. I don’t buy clothes often though.",surprise
"As a [NAME], I resent the twilight comment.",anger
"I know. Honestly, I'm applying to other districts. Tired of 56 miles round trip daily for a miserable job.",anger
True i hate going to parties or concerts but love going to a bar or a houseparty.,anger
Just get a straw or stick and gently guide him off the car.,neutral
I might be able to help. A/S/L?,joy
srs that’s a cute sweater n all but i wish the pic was closer to her makeup,anxious
"Oh I know. I will never forget either of those scenes, poor kid.",sadness
"Nah, lady will come to the resc... oh, sorry, forgot",sadness
"It's why it would be a mistake to move away from the ""mega-thread"" format.",fear
"Low hanging fruit my friend, [NAME] the easiest target or them all.",anger
"Not sure what you're talking about then. Feints work on untrained people, just not subtle feints.",fear
Maybe we knew someone was going to sigh and this was all in the works. Just a thought idk. FUCK,fear
"This momentum control by the refs is killing us, and we're letting it",sadness
People who don’t want to own houses,neutral
Yeah would be exciting!,joy
"Someone commented that it's like that friend who constantly talks about their ex, but insist they're over them.",anxious
It looks like it's from the Molecule Effect on Santa Fe. Great quirky spot!,neutral
We don't deserve them but I'm so grateful they're here 🙏,anger
"I see, I can't see it. I'm on mobile. Thank you very much for the info. Have a lovely Wednesday afternoon!",joy
[NAME]? 1st for [NAME]?,fear
Hey! I was hoping to get as close to face value as possible.,neutral
"Okay, fair enough, though the vid worried me about the level of grinding in the game",anxious
[NAME] sounds so depressed,anxious
"Yeah, The Donald seems to spread its purging mentality to most right leaning subreddits. Reminds me, I should get banned from r/theDonald again for quoting [NAME]",anger
Do not use logic dude. Not cool.,anger
Homophobic AND racist. Yikes.,neutral
Damn! I hadn’t heard about the eBay stuff.,anger
"Humm, just a few days after I unsubbed. You aren't luring me back again though r/Murderedbywords !",sadness
"I'm hoping it's more statistical noise at this point still, but it's definitely worrying.",anxious
[NAME] looks so defeated every time [NAME] posts him up,sadness
And? Abusive people apologize sweetly too. Doesn’t make them any less aggressive and in the wrong.,neutral
Tip the piercer? You ask how much for the piercing. Pay that as you leave.,neutral
"Chernobyl incident has scared everyone to death about nuclear, I'm curious where we would be if that never occurred.",anxious
I agree with that sentiment. But Doordash is not a job worth doing. I worked for less than minimum wage all summer.,neutral
That's so creepy,fear
Maybe you were depressed because your place was a mess.,anxious
thats pretty emasculating frfr. in america is not the same,neutral
"So many. [NAME], [NAME], [NAME], [NAME] (with her eyebrows), [NAME], [NAME], and [NAME] are some of my favorites.",neutral
"Maybe one is bigger than the other, so getting more t-time?",fear
"yeah, I've had the hardest time letting go of my exes. The last straw was when I found out they cheated.",sadness
Let people worship if they want to. It’s time for us to move forward and focus on bettering our own lives,neutral
Everyone is born an atheist. Some gets afflicted with religion usually via their parents.,anxious
No. Going to a competitive high school was harder and more stressful than all my adult endeavors combined.,anger
I’m desperate for it. I once got to lie in bed with a girl friend a couple times. That was cool. But we barely touched.,anxious
Trade [NAME] and see if he plays [NAME] over [NAME]. let's see what kinda coach we're dealing with here.,neutral
"Waiting for it to get better as it’s been getting progressively, exponentially worse for 7+ yrs now",sadness
[NAME] is showing unusual restraint at the sight of a defenseless woman.,surprise
"I'm not very good at pressing the devils doorbell, but apparently I'm decent at licking it.",fear
I'm surprised who posted this bc she's normally a sweet women but then there was this,surprise
Yes. I hate everything that has to do with my depression.,anger
Now [NAME] breaking stories for us!?!,surprise
Really? How would they know what pharmacy you want to visit?,surprise
And still our government is not responsible enough to pay its bills. It's rather pathetic.,sadness
I used to feel like this. That’s a mental illness man,anxious
Looks like they did it to scare everyone else on the road as a dominance game.,joy
A nightmare hellscape future where the living envy the hot dogs,neutral
Was literally just on rags subreddit. Even they knew our first shot would be a goal.,surprise
"As someone who went through school before the internet existed, yes, weird creepy kids existed. Although it was more in your face.",surprise
30 you illiterate fuck,anger
Amazing!! Congrats!,joy
"Walkerton for anyone who is curious about the actual real deaths under ""chainsaw"" [NAME]",surprise
Thanks for the reply. Why'd you delete the sad sack comment?,surprise
Can this guy just land himself in jail already so we don't have to hear about him anymore,surprise
"I really can't remember the last time my mind was this blown by an OP on this sub, and that's saying a lot.",joy
"My darling, have you bowed down to worship the ancient one yet? We are very worried.",anxious
You need a hug buddy?,surprise
get the packages sent to your work or a relatives or trusted friends home nearby ???? parcel locker ??,surprise
The comment came up as a text notification and old people are always convinced hackers are getting into their phones.,surprise
My god. I could have written this. This exact scenario happens to me too (including waking up at 5:30 on the weekend),surprise
[NAME] plays like he's a football player who was asked to play basketball for the day,fear
Yo that guys hot what's his reddit,surprise
Wouldn't your definition of a person apply to all mammals?,neutral
Police work is retail. You're dealing with some tough customers,fear
Had a stroke reading these.,anxious
"Low life is as low life does. I wouldn't be too surprised if he's broke by the time he's middle aged, unfortunately.",surprise
how does asperger feel like,surprise
My earliest memory is being in a wooden crib and my mom screaming in my face at the top of her lungs. It didnt end there.,sadness
Yeah because a poor man can always afford to give you a job and a living. Just Wow. Life is gonna roll you HARD,anger
And it was out of their control as well for both. That's funny,joy
Oh i wasnt trying to imply that he was a bad father. Its just this is America and hes a man.,anger
Interesting to see the bulk of people in that thread are pretty anti-[RELIGION].,surprise
[NAME] is the worst coach in bulls history,neutral
You called yourself a Met fan. THAT is embarrassing. Edit: called themselves a Met fan and didn’t know who [NAME] was AMD disrespected him.,sadness
"So many players from the current crop are going to end up on 300+ games, crazy to think how exclusive it was not too long ago",neutral
It’s one of the nine characteristics of BPD. Probably most people in this sub have struggled with some sort of addiction to a degree.,sadness
"I could believe it's natty transformation, just not in so short time-frame. Hence, juicy or time-frame is closer to 2 years.",fear
If [NAME] doesn't drop a [NAME] tribute tonight in his intro I'm going to be hella disappointed.,sadness
Please don’t downvote me I just have a question What is wrong with libertarians? This sub seems to hate them and I’m one.,fear
You’d think the higher ups would look at how much these law suits are costing and tell their boys and girls to tone it the fuck down.,anger
My biggest question is: who is [NAME]? Also: who are the [NAME]? Also: who is [NAME]?,surprise
I get scared just reading your flair,anxious
I just had a panic attack!,neutral
"Oh, it’s you again. Here:",surprise
"No, lots of people in that area do that. Hire someone to do your taxes because it'll be a nightmare and so will your commute",anxious
This is adorable I want an update,joy
The best part about this is that everyone was trolled from Fox to the Mary Shitbag,joy
The EPA allowed DuPont to use a chemical that literally kills people in their nonstick pans. They can be bought too unfortunately.,anger
"Knew it before I clicked, top notch movie",neutral
Sorry about that!,sadness
What country have you move to?,fear
Absolutely. It's exhausting.,anxious
"[NAME] is promised a valyrian steel sword by daenerys, which one will he get?",surprise
Wet dreams don't count,sadness
I am. He's the easy pick. Would be perfect for this franchise. I'm worried that he won't make it to us.,anxious
"Dangerous indeed. While vaccinations killed diseases like smallpox, theyre indirectly killing children in their fear they might kill or ruin them...",neutral
He should just give it to you right?,surprise
yeah this doesn’t represent our fan base well. gg guys!,sadness
She sounds jealous of [NAME]. Sounds like she’s never had a decent relationship so that’s probably why she’s sabotaging her daughters relationship.,surprise
Well I'm happy to know that r/babyelephantgifs exists... Goodbye depression!,joy
You can hear she's already starting another lol,joy
Oh god no!!! I was gonna get some shipped out to save you some money. Never mind.,sadness
"They weren't, though. They were just sitting there which is to be expected when you have someone on the verge of being arrested at any moment.",sadness
"it's quite a large red flag. It depends on the context, but if they are in her dating league, I would be suspicious.",sadness
Probably out of desperation as they going no answers with the other made up god.,anger
"neither did they, but when they found out... oh boy",surprise
FYI not all skinheads are racists. [NAME] suck and should be confronted.,anger
Op forgot to mention his son has a rare scrotum disorder where the balls and shaft are reversed. Poor guy :(,sadness
I focus on the pain,sadness
"No one takes you seriously in life. In your fantasies, that should also be the case.",fear
Easy answer - nobody knows. And knowing my country we will probably leave it to the last possible moment and then have an “oh shit” moment.,anger
"Ladies go out and find a dorky nice and wholesome guy, there may not be many of us but we’re out there",anger
"I see two possibilities in the middle: Playing advocate, or playing devil.",fear
The comeback starts now!!!,joy
I tend to organize better with top stocker but big shit won't fit on them,anger
I'm literally in tears right now. Everything you said is true oh my godddddddddddddd.,sadness
This r/dbdgonewild/,neutral
"YOU'RE AWESOME, THANKS!",joy
So what you're saying is that you r/oopsdidntmeantoo?,surprise
I’ve massively improved but it never really gets cured. There are always situations that will give you anxiety.,anxious
I am so very sorry that you are dealing with all of this,sadness
Classic Trap game... I'm nervous. Hope our boys aren't hungover.,anxious
Totally agree with you. Just saying that [NAME] is not a stupid person. A smart person that will be spending the rest of his life in prison,joy
And what about selling your precious mind creation to someone that doesn't deserve it?,anxious
Is that the one with [NAME]?,surprise
Too bad such a scumbag of an organization gets to host the AFC championship game. NFL is thankful it isn’t the Chargers tho.,anger
Running a company will be the same disappointment. Your problem is unsolved.,sadness
I kiss the shade all dude. His username was trewdat. I miss that guy.,sadness
"First [NAME], now [NAME]. Stop the conks. Please.",anger
"If it's anything like my experience at radford, they were obviously drunk",sadness
"As someone with sinus and breathing problems, this makes me anxious and short of breath just looking at it.",anxious
[NAME] needs to slow things down there.. ffs,anxious
Its ridiculous.,anger
He drives to the basket like [NAME] used to. And can shoot the 3. And he's super clutch. Love the dude,joy
No I didn't take it that way. My apologies if my comment appeared to be taking a shot at you.,sadness
Being so rare and only giving you bad luck? Fake news,sadness
He had a dark haired mother and white-blonde haired dad. He's got his mom's looks. That's it.,joy
"I'm curious who those four are? You can't count [NAME], because he never ""endorsed"" him.",anger
"[NAME] understand a hudna like this alludes to quranic truces made by [NAME], which he violated on extremely flimsy pretenses once the strategic situation shifted in his favor.",neutral
"Sadly, I’m younger. 15.",sadness
Cuddling. God damn is it comforting to just snuggle up in my girlfriend's arms and sit there for a while,fear
"I'd have to really think about BEST, but off the top of my head [NAME] EASILY is better then [NAME].",surprise
i think people who get up in a dizzy over an add that shames bullying and sexual harassment are probably special snowflakes.,anger
Much easier to hit the bowl in the middle of the night by sitting.,neutral
"As long as the ink isn’t on a contract, I don’t listen to any rumors. Waste of time",anger
"Well I'm scared as shit let's hope for the best, benz should be back(?)",anxious
This times a thousand. They set us against each other so we don't realize who the real enemy is.,neutral
What happened ?!,surprise
Nope don't you know? Warden is god-like cuz that bash,surprise
"worst case of life is unfortunately apt here, eh?",sadness
"It doesn't, really.",neutral
"Unlucky, pricks.",sadness
I wonder why don't we share this planet together as human beings instead of slaving and being like robots... [NAME],surprise
I don’t know where you live but just a bj should be around 80$,fear
There's always something endearing about a reply trying to keep the enthusiasm going. You enjoy that new toy as much as you can.,joy
[NAME] baking company is one of them.,neutral
That convention center sized groan right after the reveal.... No one wanted this. I have no idea what they were thinking.,neutral
Yeah i checked her teeth out and they are okay. I was worried about that as well,anxious
This makes so much sense. Seems she has been icing me. Time to call it quits,joy
"The day I get the phone call: ""your Nmom/Ndad/Nbrother have passed away."" ""Fuuuuuuuuuuucking ***FINALLY***""",anger
"Don't even bother with him lol. He's a mindless sexist, doesn't believe facts at all lmao",anxious
I am literally dumbstruck. Reality has been brought into question. Top tier YouTube comments though.,surprise
Pm me too please!,neutral
Tiki Lounge always smells like sewage. I'm surprise it's lasted this long.,surprise
"His wife wears a burka too, lest her comely appearance detracts him from godly thoughts.",joy
Suctioning I'm almost certain. Now's the time for you to google.,neutral
They should be liable for this abuse. It’s just insane!,neutral
"Yeah, sorry for that one. Some opportunities are too good to pass up.",sadness
"Damnit Morty! D'you see wha-rrrgh-t you've done!? We're fucked Morty, the squirrels - they're recruiting dolphins now Morty.",anger
"Child: Dad, what's science? Dad: I don't know son, we're republican.",fear
Good loss for the tank. [NAME] and [NAME] played really well.,joy
ya shes stressed out alot. oh ok. thanks for the advice.,anxious
"Working now, 5:00PM EST.",joy
The tone is damning,sadness
"""They didn't get [NAME]. They got [NAME]."" - [NAME] on draft night That boy gud!",joy
Did you know it inspired a direct to dvd adaptation with the same name?,fear
Just curious...,neutral
got enough rubies 😁 librals wouldn't know what saving is even if it hit them in the face! 🇺 🇸😎🇺 🇸,joy
"Wow Toxicity has been done thousands of times, becoming less and less original, try something new. NEXT!",anger
I'm so nervous!,anxious
Then the school had a special assembly to honor this hero and everyone clapped.,joy
Kinda. And thank you. I'm curious about those files and film and fotos you mentioned.,joy
I wouldn't be surprised if the Cheetos dust was coming out of his sweat.,joy
"No, [NAME] is dating [NAME]",joy
Dude I was done with my last comment how didn’t you get that,neutral
"6 minutes to deadline, [NAME]! We need page 1!",anxious
Why would they lie?,fear
This is my biggest pet hate of all time!,anger
"> Greece and Turkey to go bananas. Would you be willing to explain, please?",neutral
Aw bummer. She lost her screenshot of the copy of a copy of bullshit articles handwritten in 1992. Somebody help a girl out.,anger
"Ugh, he sounds like a slob and you should leave him.",sadness
Thanks for not answering my question. :),anger
Sounds like a scene/moment ripped from Harry Potter and the Prisoner of Azkaban,sadness
What about for the Switch?,surprise
i really don't get why people like this guy,fear
What are you talking about?,fear
PAC man looks too fast,fear
Well you needn't worry about it I won't be coming back to that floating turd you call a country,anxious
Don't understand the question. Obviously you make up the rules in the middle of the game.,fear
Polarizing filter needed??,fear
"Yup, it may not look like much but it’s still statistically significant. That’s really bad for something being decided by a coin toss.",anger
Never. I miss the opportunity of leaving earlier than I did. That’s about it.,sadness
I'll give you that. Society is generally in a decline. I don't date men so I can't speak to that.,anger
I guess I’ll watch this surely not morbid documentary before bedtime..,sadness
"Well, it's been fun. Time to quit YT.",fear
"I ate meat for 21 years of my life, been vegan for 7 now. This doesn't hold water.",anger
are you fcking serious sis,surprise
I don't think it's duping I think it probably loot cycling you can find almost the military gear from on the coast now.,anxious
"i dunno, you commit one little genocide and you never hear the fucking end of it",sadness
"A surprise, but a welcome one",surprise
Like this game from a week ago? 26 points 14,surprise
What a garbage post,sadness
Hi let’s not compare basketball to the man speaking out against a dictator and fearing for his life because of it thank you,joy
"No at that point you’re a POS, or just have horrible taste in women lol",neutral
"For some reason I wanted to be a bartender when I was 8. After hearing this story, makes me feel I missed out.",sadness
"like I said, it's painful.",sadness
Observe the troll in its natural habitat! Majestic and elegant. Again and again it calls out its mating call:,neutral
If that’s the case then these shows really are all about messing up people’s health...,anger
"Bro, put water in the microwave and see what happens, we're like 70% that shit",surprise
I am sorry but I can feel a panic attack. Holy moly I would die instantly If I were him,anxious
Weezer and squeeze her?,neutral
I'm crying.,sadness
"Lol your adorable, thanks for the humor",joy
OMG the ones they sometimes sell that are just one giant piece. LOVE,surprise
oh thank you! im relatively new-ish and did not know that,joy
Why am I crying alone in my room rn,sadness
No because prize drafts still aren't serious play dude.,neutral
"Civ VI has a lot more interesting concepts, but overall it's still a kinda boring game. Then again, I think the same of Civ V.",sadness
Self confidence I think and the fact that I’m scared if I do give all of myself to some that they won’t reciprocate.,anxious
I didn’t say for how long I’d been in it. :) Maybe it was made of ply board and garbage!,joy
Peering into the void Out of the abyss Something stirs Terrible secrets _____ Hope is lost Once it wakes [NAME] is dead,anxious
"This is the sad truth for the exact reason he mentioned, they want a short fix to avoid doing this type of hard work.",sadness
hooooly shit thats gross. this fandom is the worst,anger
"I want one of those so badly! Perfect bag, perfect color. And of course they’re not for sale",neutral
This is horrific,fear
We'd never lose again with him giving the crazy eyes to anybody who makes a mistake.,fear
I am now weirdly aroused,joy
Was it a promo for the cross overs?,surprise
Done it since I was a kid I was very edgy,anxious
You are right. There's absolutely no group of liberals here that calls everyone right of [NAME] [NAME] every chance they get.,fear
The argument [NAME] is making is that expecting women to cook is considered sexist but expecting men to shovel snow is fine. It's about the double standard.,anger
"I’m here, I’m here! Thank you all!",joy
they seem confident and chill,neutral
"Last year preseason was in December, but the season started in January. I expect pre-season to occur some time during the second half of this month.",neutral
"You guys are the reason I had my first smooth hit in months, thank you🤘🏽🙏🏼",joy
There is irony in what you guys are saying.,surprise
you seem like the kind of person i’d like to be best friends with! :),neutral
"This is the mildest of mild burns Title should be ""guy didn't know other guy was British""",surprise
"I just call em like I see em, [NAME]",neutral
Of course he will lie cheat and steal to make him self relevant to the public. Horrible person.,sadness
"I know you're annoyed, but can this sub not be a place to post screenshots of poor opinions from the other sub? It's getting overwhelming.",anger
We have to watch the kids during lunch. So I eat while yelling at the kids.,joy
"Anti-vaxers aren't funny anymore, now they're just scary...",fear
I have to watch it. Sounds pretty cool hahaha,surprise
I am hopeful that it will win the Oscar for best animated picture and renewed interest will lead to more 3D screenings.,joy
Maybe so. Should I try to ask her about it? I'm worried that will only scare her more,anxious
I mean.....they both seem true to me.......,fear
Chances are we either push for the playoffs or we start a rebuild that neither McDavid nor Draisatl will be happy to be around for.,fear
"cute, new driver still cares. Come back in 4 months and u will be showing pictures of that bag thrown on the trunk.",fear
Is there a dress code for those runways? ( everyone is wearing dark colors then there is frank),fear
That's what this seems to be saying unless something was lost in translation,sadness
he defended [NAME] when [NAME] drugged and butt raped a 13 year old girl,anger
He was so apologetic the bulls couldn’t bring themselves to it.,joy
Well I'm happy to know that r/babyelephantgifs exists... Goodbye depression!,anxious
you're going to relapse in two years because you have an illness that makes you use excessive amounts of things to cope with emotions..,anxious
I’m curious as to how this came about in badwomensanatomy. Was she saying this was something that couldn’t be done?,surprise
Maybe check the song title one more time chief. Love the song tho. Also today’s a Scared of the Dark kind of day for me,anxious
[NAME] THAT HURTS DON'T DO THAT,sadness
If it comes out that [NAME] or [NAME] were sexual predetors I am going to be pretty god damn upset.,sadness
Shame our government can't progress as fast as the infrastructure.,sadness
I lowkey hope I'd find this in the comments somewhere Was not disappointed,joy
"[NAME] may lie but he doesn’t when it comes to important things apparently. Jobs, security and anti war",joy
I believe I have just sent you an invite,neutral
Even if they did that I think their criteria would probably be reserved for the most extreme cases.,surprise
Last couple countries that tried that got destroyed by international communists.,sadness
I thought I was the only one who did this,fear
Honestly scared to see what happens,anxious
Oh wow. Didn’t realize it was that broad.,surprise
Okay then. Please remind me again why the lack of support is death threats in my PMs.,anxious
"Yes. It feels sharp and hurts in the chest sometimes. It will pass, but it freaking sucks. I'm here to listen, if you want❤",joy
>The left doesn't need this kind of public displays. >i never said that explictly or implicitly **thinking emoji**,fear
That was a fluid motion and it scared me,anxious
Do you not feel that there are numerous legitimate complaints about the CCP as well as quality of life in China?,fear
"[NAME] and [NAME], are hands down my favourite AC characters.",neutral
"Nice strawman. I can see now that you're not compensating for anything, lol.",joy
"Is that you, [NAME]?",surprise
Because it seems like a first step on the same road that peope here have taken. I figured you have experience in the matter.,fear
I love him!,joy
Is this an /r/antijokes ?,surprise
This is one of the dumbest things I’ve read on reddit this year.,anger
leave bro- this is the exact type of behavior mine displayed.,neutral
"I hate that attitude, as if it's every woman's, purpose, dream, and personal duty to reproduce.",anger
"Lmao, I really messed this up. Loved your replies in the og thread, mate, keep up the good work :).",joy
> No one bugs me. And yet you're scared to take your family in public because of Patriot Prayer?,anxious
Wall St is scared of the 2020 Democratic primary.. Good!,anxious
"People will go mental hoarding food, so you should be hoarding food, not like those idiots that panic. I'm confused.",anxious
that scared me,anxious
"That won't happen though. If the pick is that high, we own it!",neutral
How poignant.,sadness
I'm more worried about it randomly saying daddy across the top ... Like that's normal,anxious
I can never refold the paper properly so kudos just for that!,surprise
"Serve eviction notice, get some press, that’ll really get things moving",anxious
No being around non judgemental people is a very possitive benefit to leaving.,sadness
Anybody wanna go on a picnic with me? Alpaca lunch.,surprise
"Which is odd, he was terrible on Sunday",fear
[NAME] that was me,sadness
Wowza...you hit the roommate jackpot huh? She sounds unobservant and a special level of insensitive. Pray for her future patients.,joy
"It serves as quite a lesson to anyone, don't you think?",surprise
"And then there's ""having to listen to parents bragging about how hard they have it"" tired.",neutral
">Yes, I know that you like to talk about yourself a lot :P I do use a lot of words. It's actually embarrassing.",anxious
For the most part yes.,neutral
Just thinking about all the stupid stuff I did as a kid makes me very afraid for my 5 year old.,anger
"At least you didn't open with, ""I was always a big [NAME] supporter..."" 99% of those go downhill fast.",joy
I'm sensitive! :'(,sadness
"How dare you interrupt the circle jerk. Out, sir.",anger
I eat crayons I shit crayons,anger
The situation never should’ve gotten to that point.,sadness
That's so refreshing. Thanks a lot!,joy
I can’t see many players having a problem with [NAME] being gone. Sometimes a coaching change can create the jump start this team needs.,anxious
How could they forget the gravy?,anger
so who do you think were gonna face in the playoffs???,surprise
Anybody know what injury [NAME] specifically has? LGD.,surprise
Last email i got was on Jan 27th on Sunday @11:22PM which is really odd imo,sadness
That was 1 scene and I think was more about her sense of powerlessness in the situation,joy
You aren’t mentioning the specific position and the industry. Not even in what country you are located. How can anyone offer advice?,surprise
Same thing as well! I don't know what is happening.,fear
Is that how it actually works?,fear
Taxation is not an aspect of socialism,anger
My buddy drives said car and used to drive for Uber. Now in Seattle and on the eastside people still think he’s their uber rofl,joy
True. Edit: Maybe my only issue is the misuse of funds. Like that couple that went to Vegas and put the homeless guy in a trailer.,neutral
This is an old carnie trick. There are sites that have debunked this guy.,anxious
"so just throwing this out there, you can have conversations and arguments without being an ass.",anger
I miss being practically jello as a kid,sadness
That reminds me of this,fear
He has a prog rock album.. its horrific,fear
"Even if you were, all good my dude! Shouldn't comment on something too quickly lol",joy
I reported you :-) Expect to find your comment deleted within a few hours :-),surprise
"Life will always get better regardless of ones situation or condition or whatever, life will indeed get better. It might take a while but it will.",joy
haha good one friend real neato joke!!!!,joy
His definition of a grown man is someone who drinks irresponsibly and then beats people up. GET OUT.,anger
This is why I came to the comments section,neutral
remember when he scored 4 tries in a game? that was cool,joy
Oh [NAME] this is atrocious... I think I'm in love,anxious
I didn't know of [NAME] before I saw that episode. I fucking love that man and have watched an unhealthy amount of him since.,sadness
Taylor Pork Roll vs Taylor's Prepared Ham. There were variations over the years.,neutral
No I know. This group has been mostly helpful. And the rude comments were deleted by the mods.,joy
I carry 2 small stuffable throw blankets and a sweatshirt. Sweatshirt to ensure warmness. Blankets to ensure cuddles. I’ll let you know if it ever works.,joy
"I thought I couldn't get more depressed about last game, but.....",sadness
Submit yourself to science to investigate this intriguing event.,joy
I’m confused why the [NAME] tax is negative savings. Otherwise great stuff .,fear
I realize. I was too hasty in my conclusions.,fear
Oh to be able to leave the house at night (I have a kid),neutral
Sorry but this is too rad to be cringe for me. This is like if [NAME] was a general.,sadness
"I’m pretty sure your thinking of [NAME], although I could be wrong",joy
Which doesn't excuse the fact that he wanted to see sexy pictures of a 16 year old. Gross.,neutral
I need therapy but I’m too scared to go to therapy.,anxious
This is nightmare fuel,anxious
"I don't have anything of value to add, so here's this",fear
That's why imo [NAME] death is better.,sadness
"This is a joke, right...?",surprise
"Hey, I made it in the screenshot!",joy
To the kiddos!,neutral
"Sanctions are immoral and don't do anything but cause more human suffering, disappointing to see that this sub will support them, but not really a shock.",anger
What do you mean by gaps?,surprise
[NAME] made me like a sleep walker.. I did things I didn't remember doing. Scary.,fear
"Dude, I'll be your friend any time. Especially if you got Steam/discord. I will link u to our friend group's server.",joy
Haha enjoy your life sweaty. Haha,joy
Is it weird that I read this with Papa [NAME] voice,fear
Doing my part,neutral
"I personally believe [NAME] is asexual, other characters in simillar situations all get hints toward homosexuality but I can't remember any for [NAME].",joy
It surprises me that he's a mod some days...,surprise
Man your post really struck me I feel exactly the same way you do. I’m tired and I feel like it’s too much work.,anger
HE CALLED A RAISE WITH 85 [NAME],neutral
I just thought I would be remise if I did not engage with the subject.,sadness
"I stand corrected, my apologies to the mods. I'd personally like to see more banned or removed but at least they handled the most egregious.",anxious
I don’t understand how her parents were able to take kid when she claims they are horrible alcoholics,anxious
This hurts to watch,sadness
"Without fail saying ""moist panties"" makes every woman cringe.",fear
ok so that was fucking sick,sadness
I assumed that came from him brandishing a firearm at the kids after they egged his car.,neutral
I will never be able to comprehend that beautiful flick into a headshot hanzos seem to do.,neutral
I made a post about a month ago saying [NAME] was trash and it got over 100 downvotes,anger
"Bigger kid in the black shirt perfectly missed the entire thing, turns back to see the kid pop back up and run away. Totally oblivious",fear
Sounds like a good deal to me. Where do I sign?,surprise
"> It leads to touching and doing inappropriate things with the opposite sex I prefer the same sex, so are these things not inappropriate for me?",fear
"Yes, and when I do say ""no"" I'm filled with tremendous guilt.",sadness
"From his username I can tell he lives in a city close to me. I'm sorry everyone, Vermont has better to offer than the likes of him",sadness
DON'T DO THE TEENAGE MUTANT NINJA TURTLES LIKE THAT THEY DON'T WANT HER EITHER BRUH,anger
Did insurance cover this? Who was the surgeon? Unfortunately without it...this surgery can cost up to 20k or more in American cities.,fear
These disgusting old hags are literally old school flesh-consuming ghouls. Like [NAME] or [NAME].,sadness
Wonder if some of the ‘cuse guys we got because nobody was available anymore will be cycled out,surprise
"I can't wait to finally sacrifice my body and soul to [NAME], with a whole crowd of onlookers to witness it.",anxious
My only issue with private schooling is it discourages those with children in private schools from wanting money to go towards public education.,anger
I thought he cited heart issues at Florida,anxious
You misspelled Eastern Russia,neutral
Hmm I wonder why the bot copy text LAOP says is in NY when the original post says LAOP says he's in TX,surprise
[NAME] BREAK THE GAME. WHY HAVE YOU GIVEN ALL THE KILLERS A FUCKTON OF THEM. ITS SO DAMN STUPID.,anger
What's the discord called,surprise
"Many Stores are doing away with the ""fine"" jewelry - but we make a ton of money on the costume jewelry - the mark up is ridiculous!",anger
They did that already,neutral
having your head smashed into a kebab shop's counter,neutral
ohhhhh my gosh,surprise
Did anyone catch [NAME] imitating him laying on the ice as the game ended? [NAME] as fuck,surprise
Dont worry i am also broke like sh@t. Keep your head up :),anxious
"The reason you keep going is the same as mine, I just don’t know how we’ll get there.",joy
That's not [NAME]. That's [NAME]. His family founded this country.,neutral
These posts must make people want to be security guards.,joy
Not really. Relying on someone you can't trust is bad. Sometimes relying on someone is the only happiness you'll get.,fear
That's way dangerous to keep then together they may break out and start feedig on the other ear buds to gain heir strength,anger
I mean it’s kind of weird that they miss that part we’re the Bible acknowledges other gods for selfish reasons,anger
A UBI has to be sustainable. Taxing something to reduce its use and funneling that money into something people would depend on is absolute stupidity.,neutral
"While lifting, loving yourself, and just being confident bro.",joy
alright yeah guess i am stupid,anger
I predict one of them is going to be complete garbage and the other one gonna be competent with some critics calling it better than the original.,fear
I'm lost here,anxious
i wish it was 2 hours :(,joy
"What's the problem? The worst aspect is the DRM which is easily circumvented, and of course giving money to Amazon",surprise
Hahahaha. I can picture it as if I was a fly in the walll. I love mj like [NAME],joy
"was i replying to you, you fucking degenerate? off yourself ( in game ofc )",anger
What the hell is going on at Getty Images?,anger
I'm shocked. You mean to say the economic model adopted by every single financially successful country on the planet actually works? /S,fear
"Skip the middle man, squish them up my anus and vomit out the skins and seed",neutral
It gives me a weird feeling as someone not named [NAME]. It's a very heeby jeeby inducing phrase.,anxious
ITS A SECKS THING SWEATERVEST!!!!!!!!1111,neutral
Phone calls are the ultimate nightmare !!,anxious
I don't think that's a normal marriage because my husband has never said those kinds of things to me (20 years now),surprise
"those pictures of [NAME] are real, he's on Crashing and the way he looked in the premiere was just awful.",anxious
and everyone else is worried about themselves not paying attention to you,anxious
"My problem was that Flashpoint ended in 1 episode, when it could've been an entire arc",fear
"Not sure about OP, but caffeine tends to make many people more anxious (especially those with a co-morbid anxiety disorder(s)).",anxious
You should dm her and say I'm sorry,sadness
How did anyone not know what this movie was? WE HAVE OUR OWN RELIGION.,surprise
Same here. Waiting for the doctor rn. Hope you're ok,joy
Bet flop. Good [NAME] what are you doing on the river.,surprise
"Well, whaddaya know!",surprise
"Wow, way to deflate Endgame's stakes *even more* before the movie even comes out.",joy
FYI: Time in Europe works the same as in the State. We do not have 'weird time',anger
"That's certainly one part of the puzzle, though arguably they are non-noahide as they historically advocated for incest marriage, but maybe it is different now.",anger
He has his ups and downs. The only time I can stand him is after [NAME] and before [NAME],neutral
Oh good one. It’s insane to think the last three mvps were once on one team,fear
"Yeah, the golden nugget is ""Get over yourself and let him back in, he made a (small) mistake""",joy
"So that it’s it huh, we’re some kind of Stunt Double Squad?",fear
"I see, Unfortunately I don't think equity has ever turned out well in history. Humans have tried many times and failed with catastrophic consequences.",neutral
Thank you. I found out I can return it since they made it heavier than I ordered.,joy
Looks like a plate to me. A stupid plate. But a plate nonetheless.,anger
"oh that's cool, I didn't know they already got sick time. It'll help a lot with retail workers who get dicked by shit scheduling",anxious
"I meant it's a sign to others that he is a crypto-Nazi. My bad, I wasn't clear.",sadness
>[NAME] dead body lie the mud and she have smug face because she had her revenge against [NAME] What scene was this?,surprise
That was so damn cute. She looks just like [NAME] and I bet it just melts his heart to see how mature that girl is,joy
"Removed, stop trolling.",anger
"Don't ""neg"" the university (or any university) and don't write about doing illegal, unethical, or immoral activities.",sadness
"From ""woohoo!!"" to blood curdling screams in a matter of seconds.",surprise
No. This simply is not the case,anger
I think this is one of my favorite Aquaria looks ever!!!,joy
"Oh wow, this is the first I've heard of her aligning with those people.",surprise
I'd really like to see them together in something else. They have a weird chemistry that works.,surprise
[NAME] had them a few months ago. Friend bought some for her sick dog.,sadness
"*Bride walks by* B: ""You ruined my wedding [NAME], great to see you!""",anger
The food clapped,neutral
These are worse than the [NAME] ones [NAME],anger
As Kings fans both my brother and I laughed out loud that it wasn't called. Looked sick though.,anger
I'm beginning to wonder how I lived before without these daily posts.,surprise
Interesting I wasn't aware of this. Maybe proving the undue hardship is difficult but technically allowed? I wonder what counts.,surprise
"Virtually no happiness anymore, exhausted with trying, meds not working properly and just tired of it all.",sadness
"Gold Coast seems like it would go well on paper, but turn up to the actual thing and seems strangely disappointing would be good to tell friends about though",anger
I got mine at 21. The ex wife would have had me snore instead of wear it for years.,sadness
Hmmmmm never thought about it like that,anger
Is this my Beetlejuice moment?,surprise
Should of just stabbed her up tbh why let someone steal from you,anxious
What shouldn’t be lifetime? :),surprise
The username oh god I'm having violent flashbacks,neutral
Did you know that [NAME] and [NAME] named one of their children after a suburb in Pretoria? How cool is that!,surprise
Would need the #1 overall in 2 years... should try to get a first in next years draft for AB and hope that team tanks,fear
Worried me there,anxious
Yes. Some shows get canceled before they can even finish the season,sadness
This guy fucking gets it.,anger
And then I got to meet the president. My name is [NAME] and this is my homo story.,joy
It seems as if you are the one that is unable to feel women.,sadness
"That doesn’t sound right, but I don’t know enough about stars to dispute it.",neutral
"I admitted to myself that I had no other reason to think [NAME] was real. Kind of tough to stay [RELIGION], after that.",anxious
"LOL yes, this guy might not be too bright.",fear
Better a pseudopenis than a lot like the same thing.,neutral
Omg deans you forgot to put your nagito relevance stamp,neutral
Same...except that I'm not good looking :,anger
Watching [NAME] flip his head back every poke of contact is possibly the most frustrating thing to watch,neutral
I heard it's because of florida crime reporting laws - I.e. the same stuff could be happening elsewhere but it wouldn't make the press?,fear
"Help, help, I'm being repressed!",anxious
What a coincidence. I also had a Bort.,surprise
This sub is filled with bitterness.,sadness
THAT'S why it's so cold here in the Midwest.....Hell has frozen over. /s,anxious
"TBH I would definitely wear this with my denim jacket, but I wouldn't buy a huge lathe and carving tools to make it.",surprise
This is why I’m afraid to fly.,anxious
"Nowadays I get nervous watching Steelers defense. Back then, I couldn't wait to see what they'd do next.",anxious
It starts with the malicious ones and then they whip up the others. [NAME] is truly a stain on american politics.,neutral
"Lol, talk about a blast from the past! Your comment really doesn’t solidify any points.",joy
"Cheers mate for the correction, i saw Prestigeiskey's vid and couldnt remember exactly when but knew its coming sooner than later.",joy
"Yeah I haven't felt anything in days. It's like I'm numb, I hate that feeling.",anxious
Pretty sure he's by far and away the biggest asshat on this sub lmao,anger
Not a different issue especially when the majority of the people affected by these deaths are lower income,sadness
Why is the hotdog so long lmao,surprise
There are no helpful ideas like the one you're looking for. There is only one idea... Tell your parents and get authorities involved.,sadness
How tf do you sanatize a shoe so that it can be used for food?,surprise
Why not just bring the county governments back? Let them decide where to establish regionalized schools.,fear
"Alright, so I googled aaaaaaand sorry for my misinformed mistake. Dunno where I heard that [NAME] didn't win the popular vote but it was wrong :(",sadness
What are the chances [NAME] is in that 10% at 32?,surprise
"Let me remind you that I'm 5'6"" and I still think all that thinking is ridiculous.",anger
"What, we are all gonna be corpses soon. Do I become that sooner?",fear
How so. What is the basis for your feeling of universal entitlement?,surprise
> But it says progressive right in their name.... Here's a beautiful girl for you... ^^/s,joy
Came for the murderino and stayed to say I drive like [NAME] a lot and it’s bad lol,anger
Omg why does this sound like [NAME]?,surprise
"You sound upset. Maybe take a break, kiddo. Everyone knows [NAME] wouldn't answer the bell anyhow. Just proved it.",anxious
Oh the pain. I have been gifted faulty genes that gave me humongous pores and a hairy upper lip. Only a miracle can save me from here.,fear
She probably has a kid by now.,fear
"I considered becoming a teacher, but then I considered the little bastards would eat me alive.",fear
Why do you say this? I'm genuinely curious.,surprise
Just got back from Orlando to Chicago yesterday. I have a good feeling about this one!,joy
"Out of town then, too. I blocked 3/21. W00t!!!",neutral
That sounds a little paranoid,anxious
"Wow, you sure got me",surprise
Dashy gunless apathy arcitys scump,neutral
"Far enough, np. Its rough communicating sarcasm in text form, especially nowadays with Poe's law in overdrive.",joy
Fair enough. I miss working meat,anger
*10 minutes of awkward roleplay*,sadness
I couldn't reply to the message I got the other day,anxious
If you want to know what kind of people her parents are you can google her. He name is [NAME],surprise
Doctor charged 400 bucks for a blood pressure check before renewing my wife's high BP medication. She HAS been acting a little weird la,anxious
Sorry but imma hit you with a fat (X),sadness
In her defense it’s like 20 something degrees in Indiana right now,neutral
7 billion people doing things realtime is not to be underestimated,anger
"I have this too, so don't worry. We are not crazy. Just regular humans who happen to have an anxiety issue.",anxious
Any other reasonably priced recommendation?,surprise
Yeah you’re implying that someone holds the shitty opinion you just made up. Which is basically an attempt to make them look bad. Character assassination.,sadness
That's the stuff of nightmares right there,anxious
I also love this decline in bch prices. Cheers.,joy
"Bruh, fake music was the fucking best, wish we could go back.",sadness
"I never even thought of that, just that it’s the most uncomfortable way to sit in a car, especially on the driver side!",anxious
Our sour union,neutral
Your idea of the supposed limitations of bots is actually hilarious.,joy
Be ready to Experience Canes Hockey,anger
Can’t believe we’re letting [NAME] go. So much energy since he’s come on.,surprise
That's some bitchy whore,anger
Sounds like they’re not responsible and shouldn’t have the right to have these.,neutral
"I think I translates more into ""Waiting to see what kind of Brexit turd-burger Westminster eventually vomits up"".",fear
"[NAME] has always intrigued me. Some people hate her, others love her. Same with [NAME]. Personally they're both my faves <3",sadness
Is she worse than [NAME] though?,surprise
Hows it smell down there 9 points below the wild card spot. Ya fuckin pine cone,anger
I'm not super happy about having to see his face in the news for at least another 6 years.,anger
"Even though it should level out, it's still currently having major detrimental impacts on the environment and human suffering",sadness
I'm here again to say I love your art and it brings me joy when you post it on this sub bye!,joy
"Sorry, I misread",sadness
"Maybe try a flashlight next to her bed, so she can turn it on and look around if she gets scared?",anxious
A 100years? That's far too long dude. Reminder: ww2 was 73 years ago...,surprise
"I have many a screenshot of blatantly false posts that my older, conservative, religious relatives share on Facebook",neutral
GIVE HIM ALL THE MINUTES,joy
I just come right out and admit it. Saves on disappointment.,neutral
we live in a wooooshiety,neutral
"They believed in themselves, and clutched up. Let’s get it",joy
No faith! Shame!,sadness
*losing hope Loose is what your mom is,sadness
Is there a subreddit that makes fun of SJWs?,surprise
Enter trier [NAME] isn’t a starting level pg he’s better off in the g league playing 30+mpg every game with a big role,neutral
I’ve just said that both biology and social norms play a part? How is that me saying that there are no biological differences?,surprise
Ah ok. Thank you!,joy
Holy shit that’s nothing,surprise
I don't remember accurately but something in the lines of >and slightly leaning back so as to not be able to reach the remote,neutral
Report her to the police. Physical threats are a no-no.,anxious
A part of me rejects this as being real. No person can be this delusional right???,surprise
The Chargers defense looks impossibly bad,sadness
"I read that as ""tarantula Mounting"" and was pleasantly surprised",surprise
Eastern European here. Very cool! We’re really all the same.,joy
Make sure you actually try sativas. Don't just listen to people bsing about Sativa causing paranoia/anxiety etc.,anxious
"I'm curious who those four are? You can't count [NAME], because he never ""endorsed"" him.",surprise
A 19 year old talking to a 17 old is not that crazy it happens pretty often,sadness
Talking about scary foreign people spreading disease is a classic xenophobic trope. Vile.,fear
"[NAME] bad, [NAME] good, updoots to the left.",joy
"I'm scared that they would turn out like me, even if I tried really hard to make them nice.",anxious
I remember hearing a story about this type of highway camaraderie once from a trucker who helped a woman escape a man... wonder if it was your mom,surprise
Just be sure to take some condoms with you.,neutral
Maximum silly!,anxious
That mantra got me through my first 5 years!,fear
"Oof, yeah sorry my dude, it came across as pro-wall to me. Probably what happened with others as well.",sadness
> a central bank that acts as a buffer between monetary policy and implementation. ... what?,fear
Well that sucks. The disconnect reconnect and keeping your bloodpoints I mean. The accidental vs purposeful disconnect seems fair.,anger
OMG the ones they sometimes sell that are just one giant piece. LOVE,joy
"Apparently a 3 year extension for DACA is what's on offer. No pathway to citizenship. That's gonna be a ""fuck no"" from me, dog.",anger
You're in for a treat- enjoy :),joy
That’s sick!,anger
Oh my lord I am so sorry. That is just despicable. Internet hugs.,sadness
It is the recent patch most likely! This never happened previously.,fear
This sounds like a toxic relationship for the both of you. Seems miserable... I’d hate to be in that relationship,anger
And yet the next time [NAME] stirs the pot with some stunt like this it'll get major traction AGAIN.,neutral
"To this day, I get nervous reading anything with [NAME] name in it",anxious
"Problem is, it is Bantam and younger. I can teach breakouts easy enough and I don't need a panicked D zone to do it.",anger
Your LPT is to save money by not buying cords but instead stealing them from work?,fear
Show me one conservative congressman/senator who is actively fighting climate change to break this stereotype,neutral
You guys are well behind,neutral
Surely you meant isn't. XD,fear
My fav character,neutral
"Honestly at this point they need to do that or adjust [NAME] 3d model. The command grabs literally go thru opponents constantly, it looks weird as hell",neutral
"Yeah, that’s what I meant. My bad.",anxious
They’re not just investments. They’re deliberately exploitative and China’s not operating in good faith,anger
Self-selecting user ratings are not a reliable representation of the entire audience. They are meaningless numbers.,anger
"I’ll agree with you on that, I think it would fit well on someone’s forearm!",fear
other than the fact that she's totally korean you mean?,surprise
Shotgun! But do I get to play with all the buttons too?,surprise
"Guess [NAME] back hurts more than [NAME] neck, a comeback insues.",sadness
"This episode also had the segment where a paralized [NAME] communicates by farting. So, yes it is the worst. Lisa Goes Gaga is a close second.",sadness
They can't even really articulate what has been so bad since [NAME] took office.,anxious
Thank you!!! /s,joy
He uses it in every other post. It's not even ironic.,anger
I really want to know what restaurant this is. I'm picturing Fino for some reason.,surprise
This is so uncharacteristic of him /s,fear
"Yeah, for sure. I've definitely come pretty close to panic attacks at the dentist as well.",anxious
"I like [NAME] and would like to see him back, but he still makes me nervous at a high price too.",anxious
"To whoever entered a flamewar with me a few months ago for saying [NAME] was dangerously underweight... Yeah. That ain't ""healthy"".",anxious
"Def not nypd lmao, but u hear you",anger
> extreme poverty is re emerging in the west. lol,joy
How could they forget the gravy?,sadness
But don't you see it! How dare she show two inches of skin...,anger
you go away,anger
"I apologize if I came across that way, it was not my intention. I meant only to state a fact.",sadness
This isn't even co-optation this just out right hard repression.,neutral
No if we tell and kick and scream and have a tantrum that always works.,anxious
Thats pitty indeed,sadness
You didnt even ask the parents if they agreed to let him in the back?,anxious
Thank you so much for this advice :) i'm just really worried about going through the process again,anxious
Can someone tell me how he protects his virginity though. You know from all the thots.,surprise
"no, $950 plus enhancements. but with enhancements mine is better than the white Arabian was.",fear
Because the other option is Labour And they are treacherous,sadness
I will upvote any gif that has [NAME] as Dr. [NAME] in it. I loved her performance in Maniac.,joy
"I have no idea what you're talking about, I'm in the UK we have a different class system !",fear
I get it. But I not to that extent. Like it’s weird to think every one is out at school while you’re home sick,sadness
But it flattens the whole thing out.,neutral
"OMG, I thought the same",surprise
She’s still not gonna message you dude I promise,anger
"Its not exactly what I thought it was gonna be either, but its okay, there's a lot of food.",anxious
"Flat out getting our ass kicked. Gotta give it to Memphis, they have just shut us down",anger
That is utterly horrifying. I'm so sorry that your kindergarten teacher was such a heartless old bat.,sadness
"The opposition need to come together, for the meanwhile, and put their differences aside and attack the real enemy, not each other.",fear
Omg!!! just saw an interview of her! Wow this [NAME] is a horrible mother!!! Oh my Gooood! 😱,surprise
Looking at this hurts my teeth but dot damn those roses look so pretty,joy
"[NAME] and [NAME] have a strange relationship, I can see them teaming up to go to Kings landing for vengeance together.",surprise
I lost it when all the heroes kept going back and forth into siege range,neutral
"Another bad essay by me, sorry for butchering anarchism, anti-ableism and anti-psychiatry but I hope I got the point across :p",anxious
"Indeed! Oh [NAME], you are in for a horrible life...",sadness
"...except it really IS ""maybe next year.""",joy
Was he good back then?,fear
This guy is one of the best role models for [NAME],joy
Damn if we could beat the Spurs ~~reserves~~ that would be great,joy
"Penis who, now?",fear
"Considering that the majority of people who play poker still open limp, I'm surprised these posts aren't more common.",surprise
How is recognizing a sovereign country as a country hate?,surprise
“Screaming outrage” you say? Project much?,neutral
Who exactly are their ‘volunteers’? The IRA?,surprise
I wouldnt necessarily call you and addict but you definetly have unhealthy relationship with MDMA.,anger
Your an idiot and trying to justify your ignorance.,sadness
Yeah that's where I think the problem lies. It's that I don't really want to be open to others.,fear
"Keeping his mouth shut? After cheerleading for the dictatorship, that's the least the scumbag can do.",anger
"Thats what I thought, he can be very lucky to walk away from that",fear
He's a alt right MAGA idiot.,neutral
> Egalitarianism I always saw it as a feminist could still be a racist...,fear
>Why are you so worried about my comments when you live in Wisconsin ...what?,anxious
"Not a particularly in-depth article, but I thought it was a worthwhile follow-up to the recent post about police ticketing people outside Tim Hortons.",fear
"I go to the same hairdresser as [NAME], and she told me we were interested. Dunno how she got her info though.",surprise
"The longest in the southern hemisphere. I always take visiting friends and relatives here, hit them with that fact, and they love it.",neutral
Arguably. It is undefined.,anger
It looked like a bad suit of pajamas on Amell... which says something about the costume design.,sadness
Just Deep Fry This and post it on r/dankmemes,neutral
I hate text speak . Do you really want to dumb down your argument more than you need to?,anger
I feel like the world just doesn’t want [NAME] to have the spotlight. This is torture for a [NAME] fan like me. :’(,sadness
Can we get a moment of silence for the passing of the video game boy?,sadness
"Not really sweaty palms, but holy hell that's uncomfortable as all hell...",anger
I'm puzzled,fear
So that's how people get their cars sideways in those crazy pictures. I'd always wondered.,surprise
"You poop into my butt, then I poop it back into your butt...",neutral
Puppies in 95% of cases. Sorry but some dogs are ugly no matter how old they are.,anger
hahaha. I was/am honestly surprised that is the only time I've heard of a parent calling a rapid.,surprise
"Came here to say this. It seems apt, even if unintentional. *”Thanks for dropping by!”* 🤢",neutral
Damn you and your facts.,anger
"Boy it sure is a hot one today, huh?",fear
I'm curious to see what his answer will be,surprise
"Stop calling them immigrants, that’s a lie. The term is “illegal aliens”.",sadness
It's common knowledge that offering to feed yourselves to wolves makes them leave you alone out of boredom.,fear
Anyone going to The Federal in North Hollywood tonight? I’ve never been and I’m wondering what the crowd will be like.,surprise
"You went to your Xbox? I went to my NES... and it was ""the new thing""!",joy
Ya shitty. But people cheat. I dont know what to tell you 🙃 the world sucks. Just live your life,anger
"[NAME], that was 2013? Time flies",surprise
"Yes, and then look hurt when you glare at them for causing a scene and/or not being just as tickled as they are.",neutral
"As a risk analyst, that's a terrible idea, Risk is too high and the benefit to cost ratio is not worth it",anger
You seem slightly sensitive... I was actually thinking we had been infiltrated by the normies,neutral
Do you have the car? Why didn't you get copies? What aren't you telling us?,sadness
"The last time it happened I just said, ""No"" and closed the door",neutral
"I just assumed that was, uh, Turd Man. Wiggly Turd Man",neutral
"Well, flash bangs go bang, too, to temporarily deafen and disorient, so there's that.",neutral
Especially that “Australia ain’t gonna cop it” ad on TV god I hate [NAME],anger
Thank you for reminding me!,joy
If nothing was said and you can be engaged all day tomorrow then I wouldn’t worry.,anxious
I believe it was clear I disagreed. And I don’t play wow.,anger
"Just wait till they see what British capitalists have in store for them now we got ""arr soverinity"" back",neutral
Ballarat so we don’t lose the [NAME] bros.,fear
Just imagine Disney characters without gloves. Yes it's that horrifying,anxious
You’re not being used but she has no right to tell you what to do with your money.,anger
"Im always worrying about the same thing, thats why Im always posting and within hours freaking out and deleting my posts",anxious
Star Wars fans? Backlash? Nah.,surprise
I live in Baltimore and heard she will have an office out of here. Any details on how I can volunteer for her campaign?,surprise
I'd imagine they're mostly fakes. You'd be uncomfortably warm in a real CG Parka in our climate.,anxious
I'm not giving more clicks for a video when the headline should be explained in the body of the Arte.,neutral
"Oh god, going to a social event with someone and never leaving their side is me at almost every social event I go to.",surprise
Passing the torch. Lmao. You never made a good one.,sadness
[NAME] has gotta he replaced or that was just terrible writing,fear
He aged twenty years with that look.,sadness
Really? That's interesting. I'll have to give it a try. Yes I'd love to take a look at your suggestions.,surprise
"The one that just happened, at the blue line, practically a tackle",fear
"Oh, you had me worried there! Still if it doesn't then what can you do I suppose.",anxious
"Blizzard was working with Activision long before Hots. I'm afraid its too late now, to divorce.",anxious
Ha ha. You can't define something into existence.,joy
do your own homework,joy
Everyone can see what [NAME] can do when protected. That week 2 Green Bay game was what everyone was expecting when the team signed [NAME].,neutral
Tell me a couple,neutral
I’m feeling the same about the nets and hornets. I’m only worried the hornets can’t cover,anxious
This made me laugh so hard I farted and woke my dog up. Only thing missing is the confetti.,joy
So his beef is about Footnote 1?,surprise
Not really. Lots of young adults are living with parents because renting/leasing or even applying for mortgage is way more expensive than it used to be.,neutral
When he shoved them.,anger
I stopped reading @ “this one weird trick.”,sadness
Thank you! Do you know what agency would be interested in this information?,joy
"No, it counts for 50% of the voting. We have to see what the players, coaches, and media vote for.",surprise
"Ha! I actually included that on purpose, was poking fun at me (and the typical MS3) :)",joy
Swear i have seen this before? had it been reposted?,anxious
"What am I missing here? It's a noun, so no past tense?",surprise
I've seen [NAME] at the bars in Huntington a couple times and every time I see her I buy her a drink.,neutral
I heard [NAME] was an absolute monster too... Jk folks,anxious
[NAME] an Angel now. ⭐️,joy
"I have this too, so don't worry. We are not crazy. Just regular humans who happen to have an anxiety issue.",anxious
"Yep, just back to how it was before, but this time with little public support as we are all pissed of with it all",neutral
"The lead designer, not the producer :)",fear
"Well, I guess that explains my gf mood now",fear
"""paid text messages"" And what an odd assortment of districts, most of these I'd categorize as Lean D to start.",surprise
Is it weird if I said I forgot how brutal things could get? Like what happened to [NAME] oh my-I was appalled.,anxious
I amlooking to adopt from there! This makes me happy!,joy
Youtube is my Wikipedia. Videos about any interest. But I read Wikipedia sometimes too when I want to know the details.,neutral
A car. Let someone else eat the immediate depreciation and break it in for you.,neutral
So upset by the email lady after all these years. Get help.,sadness
I'll do these changes. Thanks!,joy
"19 is still considered a teen right? If so, here I am! At least until March.",surprise
"We weren't just husband and wife, we were best friends (i thought)",fear
"Lol. I'm gonna try this with my wife. As I always have to tell myself: ""Don't 'should' on yourself.""",joy
I enjoyed the new format but I will say it was strange without the band,joy
"I can't read Korean. Out of curiosity, what are the others?",surprise
Omg i probably need to get mint to drop some truth bombs,surprise
... so we're pretending that this wouldn't be totally awesome had it been 1 administration back?,fear
Happy cake day!,joy
if they’re available for questioning then you’re a shitty kidnapper. -3/5 stars,anger
"Don’t ever apologize for calling it that. The Beach is a [NAME] movie, not a Toronto neighbourhood.",sadness
"Deathly afraid, the undersides of boats too. I can't look if I see them in a picture or movie",fear
yeah its cool,joy
Not an awful offer but I don't know if I see AD promising to resign long term in Dallas.,sadness
The f****** voice of the unsolved mysteries guy,surprise
Well.... it’s even more weird to drink the milk of other species..so...,anxious
No man. Door wins!,anger
"For [NAME] sake, they used OFFICIAL ones , my god. Fucking animals.",surprise
I have a shirt with a picture that is very similar to this,fear
I think the dog is mostly worried about being fed and let outside when the last of the humans stop coming home.,anxious
love that they're giving Spicy P a chance,joy
Did you check the bowl?,fear
can you send the patch notes? i cant ever find them online.,surprise
"It ruined me, too. D:",sadness
People’s shame and cultural oppressions regarding sexual behavior is responsible for all the world’s woes.,neutral
"Because you had the audacity to reply when called out makes me think you might have trouble understanding sarcasm, which you have my condolences for.",anger
These are the only causes that are remotely stomachable for me.,neutral
I think people are more worried if he'll stay or not than whether he plays at the same level or not.,anxious
I wonder how big a problem this really is and what the cops' plan is.,surprise
I do. The only thing I never understand was why it happened in that time.,fear
Is it Amazon brand? Genuine question as I didnt even know those existed,surprise
Omg congratz for you guys!!!!! That is amazing news :) good luck with twins.,joy
Ahhh more and more selfish,sadness
"Wow, I wasnt expecting that to be a real sub lol that's awesome",joy
But what if that's the only job I would enjoy?,surprise
What's absurd here is that anyone believes a bottle of champagne is worth 34k.,anger
The movie powder is based on this guy,neutral
[NAME] get him a glass of water and have him lie down...,anxious
"Yep California, I would've been surprised if they cleared him.",sadness
Joint bank account?,fear
Still makes no sense how [NAME] beat corrupted [NAME] while [NAME] and [NAME] couldn't beat his normal version,neutral
Does it have to be a pharmacy I’ve went to?,surprise
that would’ve tasted a lot better,anxious
Thanks for the responses! I'll look into it.,joy
What does his family say? Grandparents? Has he seen a doctor?,surprise
This hurts me.,anxious
[NAME] couldn’t get them to the playoffs. Pulling out [NAME] for him is dumb,anger
If [NAME] really did look like that guy though...why was the dumbass gonna step to him like that?,neutral
"Sadly, yes. You'll only be able to craft weapons with fixed Attachements.",joy
Yeah well first god says it’s an abomination. Also if people find out everyone will hate me and my parents will be extremely angry,anxious
Would you like a friend? I sure could use one.,surprise
I feel like I went out to get the pizzas and I came back to my apartment on fire.,neutral
"Nononononoyes their doing this knowing that they are going to kill the bull no matter what, he deserves it.",anxious
Can't believe people like this actually exist.,surprise
[NAME] thank you. Someone with a rational mind.,joy
I keep hearing [NAME] is a terrible hire.,fear
hey that's my weather give it back -- a north dakota redditor,neutral
I'd rather be bitter and angry than miserable.,anxious
Never thought I'd see the day lethbridge got onto SRD!,neutral
There's no way I'm sitting through all of this. Good [NAME].,neutral
"My misunderstanding, I thought you were questioning why people thought we needed a change.",fear
Not to be a pedant but him being a corrections officer and her a felon doesn't mean shit to me about whether the abuse is legitimate.,anger
Ghosting sucks and is rarely excusable.,sadness
"Oh nice, VB using him as their own populist tool to grab the attention of the overtly racist and scared of brown people.",anxious
YOU HAVE JUST DECAPITATED [NAME]!,anger
They apologized for that episode.,sadness
"Do people really not get over bullies and have to make up stories about ""righteous revenge?""",surprise
"She's cute but she's got that crazy look, the type of girl that would cut your d*ck off. 😬",joy
AS..... YOU.... WISSHHH!!!.. Inconceivable! My first ever silver. Thank you kind stranger.,joy
"Why pay so much character and it feels so good. In the humble of 1996, the website was a skinny stoner with long hair.",joy
And most ironic. We created the language but people still don’t properly understand us as the mutated the damn thing,neutral
"For unrelated reasons, school is another mess. But vaccine injury in definitely represented through absurd levels of special ed.",neutral
"When I get a brain freeze, I grab my chest and throat. Very painful. Then i keep eating.",anxious
"Please no, I have a family!!!",sadness
Oh man I was being facetious It annoyed me so much,surprise
"Yeah, it’s interesting how I’ve had conversations on the overground but not the underground.",joy
"I'm sorry for you, but that pic is in the wrong subreddit.",sadness
I feel bad for that other little girl that was the only one not to get a puck,sadness
"I am female. If someone approached me in a coffee shop who followed your above rules, I’d be giving out my number for sure.",surprise
I cringe at every part of all of this,surprise
I have a feeling if my car won’t start my ETL would come and Uber me to work,joy
This world doesn't deserve baby sloths!,anger
And that’s how the mafia works.,neutral
Strange how you know they are 16...,surprise
Ngl the entire first order feels like a joke...,joy
SO and I have our limit at calling eachother nerds :3 pretty lighthearted.,joy
"Crap. Well, it's still horribly high on Vancouver Island... Wonderful.",anxious
"If he had called her bluff, I doubt she would’ve ever pulled that again",fear
My husband gets very prudish anytime kids are anywhere. EVEN in our locked bedroom.,sadness
Back at it with the crazy [RELIGION] conspiracies I see. Did you stop taking your pills?,anger
Dark humor is like food. Teenagers love it and prefer quantity over quality.,joy
"You’re right, 5 minutes won’t be enough, earlier could be 10 minutes. Weird how that works.",fear
It’s more important to document it for karma.,neutral
We dont want or deserve to win this game. Sloppy sloppy sloppy,anger
"If he was stuttering the words ""I sell to others and we need to do your time on.",neutral
Stumbling out of a closet in full [NAME] outfit... I'm afraid it's not,fear
My last GF called me a pedophile too. Big word for a 12 year old.,anger
"Same thing happened to me but for my dog, stocking up on noodles tomorrow to get through the next month.",anxious
I’m sorry you have to deal with that,sadness
Thank you for phrasing it in a way where I picture [NAME] leaning over a school bus seat to tell me that.,joy
"Measuring my life in semesters filled with classes that are entirely worthless but I need a $60,000 piece of paper to get a job",sadness
yeah this doesn’t represent our fan base well. gg guys!,sadness
No youre a cunt,anger
What is with the pet worship? Should be more worried about your elderly relatives.,anxious
"*Samsung Other Android phones don't have Bixby, that's Samsung's BS (and yeah, it's terrible. I have the button / feature completely disabled)",sadness
"Man, [NAME] is a weirdo.",neutral
You mean the festival up in the domain?,surprise
The dying empire.,neutral
"Well, that's only if you assume that something being impossible is the opposite of something being possible.",fear
I haven’t actually watched it. Who got featured?,surprise
I'm sorry for what happened to you. I guess you were sending mixed signals all the time.,sadness
Oh the horror. I hope she's alright.,surprise
[NAME] still looks him off unfortunately but he made a three,neutral
MORE OF THAT PLEASE NORMAN!!!,neutral
"Wow either [NAME] misspoke or I didn't hear correctly. I swear he said chainsaw, that is totally different from knife or cooking accident.",fear
I hope you have good people around to support one another.,joy
I don't understand why [NAME] is starting it on the feet..,sadness
"[NAME] buddy, [NAME] :) being lonely is only much needed solitude in disguise, a break from all the shit",joy
I feel sorry for her son that must have been super cringe,sadness
I think a six month prison sentence is in order for that missed tackle against the cowgirls. Maybe some community service if he's got a good lawyer.,fear
Living is exhausting.,anxious
I love that OP “loved” his insult. It’s like the ultimate slap in the face to this CB.,joy
I recognize this YouTube channel... They make beautiful furniture. This has to be at customer request. I have no idea how to explain it otherwise.,fear
"Oh, so it isn't a term made up by antivaxers designed to be intentionally vague? I thought you said it was.",fear
Saw this a couple days ago and had to stop it and rewind!,neutral
"As much as I love the dodgers, I can’t see them in the World Series 3 times in a row... so yeah, backwards.",anxious
You've not listened to him.,neutral
I really don't like the way she says zombie. It sounds like she tryed to fill up space.,anger
Right? I hear too many horror stories of people ordering online and not getting the copy on the release date. I would be so pissed.,anger
Besides this and diablo immortal what else did this recently? I feel like there was one more big one but I cant remember what it was.,fear
"Its one thing to LOSE a debate, its another to be disqualified for wrong think.",anger
Sloths are cute! Especially when they’re covered in moss,anger
I know I am very worried,anxious
"He's hanging with friends...TV on, volume down. People asking, how are things in Detroit and he just shrugs and shakes his head",neutral
Yikes. Was he unfamiliar with the area? How did it go over at work?,surprise
i remember that feeling.,neutral
"Nah, I knock on the door from inside, or the wall, or tap the floor, seems easier",anger
"Too bad he went back home to Nepal, it's always great seeing these young spinners getting a go in the BBL.",joy
The reaction was contained under the bandaid due to big pharma’s nanobot technology to help disguise the TRUTH. :P,neutral
"Ok. Progress. Not only I presented more facts, I also asked some questions. Still unanswered, sadly.",fear
Could this be both proof that [NAME] exists *and* that he has a sense of humor?,neutral
"My two favorite things, The Office and The Show. combined in one reference. Life is good.",joy
"I gotta say, that was a WELL fought period. I was worried a couple times...",anxious
Unfortunately not. 😏,sadness
Bet flop. Good [NAME] what are you doing on the river.,surprise
What crap An issue with developing on byte ball is that no one knows what the bloody hell byte ball is,anger
huh i didn’t even know that button existed,surprise
This gets much worse on the 2nd loop.,anxious
THANK YOU [NAME],joy
Yeah but it is what it is. Apparently I wasnt as clear as I could have been either.,joy
"Aren't we back where we started? I'd say that if you're OK with animal torture, you're a pretty cruel person.",surprise
"It is. I mean official translation is coming every 7 days, but leaks go day before (Korean)",fear
"Good point, it’s nice and frustrating for both sides I see. Definitely worse for the lower levels. That’s too bad",anxious
Yeah I have no sympathy for them.,anger
"I go to a neighborhood mexican restaurant monthly for the past 2.5 years, but nobody knows my name ☹",sadness
Was really hoping he’d drive off with it (sigh),joy
Also there's better ways we can spend taxpayer dollars than on another election.,anger
Then your goal of having one partner commit to you in any sense is inhibited by that.,sadness
"Eh, its up to you.. but Im not buying your girlscout cookies just because some of the troop drowned.",sadness
"I agree with everything you said, except the Witten part he is [NAME] awful....that whole MNF crew makes it unwatchable.",joy
I thought it would be neat to look back on predictions pre Fa and Draft.,fear
Interesting take there,joy
Can you apply to some kind of help within your university? Sorry this is happening to you.,sadness
I figured as much. If I were them I'd definitely be sceptical.,fear
Not sure if this has been asked but is autism a result of not having a filter? Apologies if I offend.,sadness
[NAME] crossed his arms and you are ready ... just do it the way that he sighed and slumped down in his comically oversized high back chair.,surprise
Or just shoot them. Shooting annoying people is why guns exist.,fear
Done it since I was a kid I was very edgy,anxious
How is recognizing a sovereign country as a country hate?,surprise
"Oh wow okay, where can I get a wind proof lining beaning or scarf? And do I have to cover my eyes or anything?",surprise
This is about as close as I can get to singing IRL. It's fun.,joy
"Those pearls are the worst, ugh.",anger
Probably also saves money. An extra 3 napkins you dont use each time multiplied by thousands of people per day adds up quick,joy
First of all how DARE you plague this country with your USELESSNESS you degenerate smh,neutral
Oh I wouldn't be surprised my dad got away with some shocking things despite cps investigation but he was also white.,surprise
209 comments and we don’t get to read any? All that good pasta advice going to waste. Shame.,sadness
Have you told this story before? It seems really familiar.,fear
"##EVEN IF YOU DONT WANT TO WATCH IT, GO TO 40:20 AND WATCH FOR 20 SECONDS, I SWEAR TO FUCKING [NAME] YOU WILL LOVE IT",joy
Are all the people in that thread praising SB2...SB2? They all talk in a similar manner. It's odd.,anger
"When nobody can tell or force you to pay up, being in debt isnt so bad.",sadness
"> Obs streamlabs Thank you buddy, I will take a look at it now and do some testing",joy
"People date who they find attractive, and fuck who they find attractive. That’s it.",sadness
"Not surprised, damn that sucks. Concussions are awful.",anger
this is so true!,fear
Refreshmentos! What's that? It's new!,surprise
Damn millennials and their extremely frugal avocado toast habits! Also Damn millennials and their enormously extravagant avocado toast habits!,neutral
Don't forget colors. They panic at the sight of a chess board.,anxious
So you wouldnt keep [NAME]?,surprise
"They’re speaking Spanish and the character is racist, making the experience terrifying",neutral
[NAME] you like picking and choosing. not how life works. not how fact works.,anger
The only flight delay I’ve had at slc is because there was too much rain at lax,sadness
I like offensive humour. But just because somethings offensive doesn't mean it's funny.,sadness
No joke. Physics or chemistry I can see but comp 101? I’m surprised he has the ability to find the internet,anger
I like this. I like this a lot.,joy
Not sure why he's shilling for [NAME].,fear
Have you talked to your boyfriend about your feelings?,surprise
Omg if WOW sue’s her then my depression would be cured and I’ll have my jush,surprise
"I could believe it's natty transformation, just not in so short time-frame. Hence, juicy or time-frame is closer to 2 years.",surprise
He wanted to make a fake foul.he didn't know it was nacho,neutral
Shit hitting the fan = Being a child predator. ' hmmmmm... I don't know bout that one chief.,fear
> How scummy can you get? ricescummy,surprise
My [NAME] hubris on display. No wonder [NAME] won.,anxious
This comment doesn't make sense. I'm not sure what you're trying to say.,anger
